PYTHIA,OHDEST,POSIT,DATATYPE,FLDNM_IN,FIELDTP,TRNSFRM,FLDNM_OUT
IPM,ZSOP_ASLS,100,CHAR,MATERIAL,VARCHAR,"lpad(MATERIAL, 18, '0')",MATERIAL
IPM,ZSOP_ASLS,200,CHAR,CUSTOMER,VARCHAR,"lpad(CUSTOMER, 10, '0')",SOLDTO
IPM,ZSOP_ASLS,300,CHAR,PLANT,VARCHAR,PLANT,PLANT
IPM,ZSOP_ASLS,400,CHAR,SALESORG,VARCHAR,SALESORG,SALESORG
IPM,ZSOP_ASLS,500,CHAR,PERIOD,VARCHAR,PERIOD,PERIOD
IPM,ZSOP_ASLS,600,CHAR,IS_QT_SO,FLOAT,IS_QT_SO,IS_QT_SO
IPM,ZSOP_ASLS,700,CHAR,IS_QT_RET,FLOAT,IS_QT_RET,IS_QT_RET
IPM,ZSOP_ASLS,800,CHAR,IS_QT_FOC,FLOAT,IS_QT_FOC,IS_QT_FOC
IPM,ZSOP_ASLS,900,CHAR,IS_QT_EXC,FLOAT,IS_QT_EXC,IS_QT_EXC
IPM,ZSOP_ASLS,1000,CHAR,IS_QT_DIR,FLOAT,IS_QT_DIR,IS_QT_DIR
IPM,ZSOP_ASLS,1100,CHAR,IS_QT_PRO,FLOAT,IS_QT_PRO,IS_QT_PRO
IPM,ZSOP_ASLS,1200,CHAR,IS_QT_IC,FLOAT,IS_QT_IC,IS_QT_IC
IPM,ZSOP_ASLS,1300,CHAR,MSQTBUO,FLOAT,MSQTBUO,MSQTBUO
DYN,OH_FRPR1,100,CHAR,COMP_CODE,VARCHAR,COMP_CODE,COMP_CODE
DYN,OH_FRPR1,200,CHAR,SALESORG,VARCHAR,SALESORG,SALESORG
DYN,OH_FRPR1,300,CHAR,PLANT,VARCHAR,PLANT,PLANT
DYN,OH_FRPR1,400,CHAR,MATERIAL,VARCHAR,MATERIAL,MATERIAL
DYN,OH_FRPR1,500,CHAR,CUST_HIE03,VARCHAR,CUST_HIE03,CUST_HIE03
DYN,OH_FRPR1,600,NUMC,CALMONTH,VARCHAR,CALMONTH,CALMONTH
DYN,OH_FRPR1,700,NUMC,VTYPE,VARCHAR,VTYPE,VTYPE
DYN,OH_FRPR1,800,CHAR,FTYPE,VARCHAR,FTYPE,FTYPE
DYN,OH_FRPR1,900,CHAR,VERSMON,VARCHAR,VERSMON,VERSMON
DYN,OH_FRPR1,1000,CHAR,RECORDMODE,VARCHAR,RECORDMODE,RECORDMODE
DYN,OH_FRPR1,1100,CHAR,UPD_DATE,DATE,UPD_DATE,UPD_DATE
DYN,OH_FRPR1,1200,CHAR,CUST_HIE02,VARCHAR,CUST_HIE02,CUST_HIE02
DYN,OH_FRPR1,1300,CHAR,CUST_HIE01,VARCHAR,CUST_HIE01,CUST_HIE01
DYN,OH_FRPR1,1400,CHAR,DEMND_QTY,FLOAT,DEMND_QTY,DEMND_QTY
DYN,OH_FRPR1,1500,CHAR,BSELN_QTY,FLOAT,BSELN_QTY,BSELN_QTY
DYN,OH_FRPR1,1600,CHAR,PROMO_QTY,FLOAT,PROMO_QTY,PROMO_QTY
DYN,OH_FRPR1,1700,CHAR,DMDCP_QTY,FLOAT,DMDCP_QTY,DMDCP_QTY
DYN,OH_FRPR1,1800,CHAR,PRMCP_QTY,FLOAT,PRMCP_QTY,PRMCP_QTY
DYN,OH_FRPR1,1900,UNIT,BASE_UOM,VARCHAR,BASE_UOM,BASE_UOM
FRPR,OH_FRPR2,100,CHAR,COMP_CODE,VARCHAR,COMP_CODE,COMP_CODE
FRPR,OH_FRPR2,200,CHAR,SALESORG,VARCHAR,SALESORG,SALESORG
FRPR,OH_FRPR2,300,CHAR,PLANT,VARCHAR,PLANT,PLANT
FRPR,OH_FRPR2,400,CHAR,MATERIAL,VARCHAR,MATERIAL,MATERIAL
FRPR,OH_FRPR2,500,CHAR,CUST_HIE03,VARCHAR,CUST_HIE03,CUST_HIE03
FRPR,OH_FRPR2,600,NUMC,CALMONTH,VARCHAR,CALMONTH,CALMONTH
FRPR,OH_FRPR2,700,NUMC,VTYPE,VARCHAR,VTYPE,VTYPE
FRPR,OH_FRPR2,800,CHAR,FTYPE,VARCHAR,FTYPE,FTYPE
FRPR,OH_FRPR2,900,CHAR,VERSMON,VARCHAR,VERSMON,VERSMON
FRPR,OH_FRPR2,1000,CHAR,RECORDMODE,VARCHAR,RECORDMODE,RECORDMODE
FRPR,OH_FRPR2,1100,CHAR,UPD_DATE,DATE,UPD_DATE,UPD_DATE
FRPR,OH_FRPR2,1200,CHAR,CUST_HIE02,VARCHAR,CUST_HIE02,CUST_HIE02
FRPR,OH_FRPR2,1300,CHAR,CUST_HIE01,VARCHAR,CUST_HIE01,CUST_HIE01
FRPR,OH_FRPR2,1400,CHAR,DEMND_QTY,FLOAT,DEMND_QTY,DEMND_QTY
FRPR,OH_FRPR2,1500,CHAR,BSELN_QTY,FLOAT,BSELN_QTY,BSELN_QTY
FRPR,OH_FRPR2,1600,CHAR,PROMO_QTY,FLOAT,PROMO_QTY,PROMO_QTY
FRPR,OH_FRPR2,1700,CHAR,DMDCP_QTY,FLOAT,DMDCP_QTY,DMDCP_QTY
FRPR,OH_FRPR2,1800,CHAR,PRMCP_QTY,FLOAT,PRMCP_QTY,PRMCP_QTY
FRPR,OH_FRPR2,1900,UNIT,BASE_UOM,VARCHAR,BASE_UOM,BASE_UOM
FRPR,OH_FRPR3,100,CHAR,COMP_CODE,VARCHAR,COMP_CODE,COMP_CODE
FRPR,OH_FRPR3,200,CHAR,SALESORG,VARCHAR,SALESORG,SALESORG
FRPR,OH_FRPR3,300,CHAR,PLANT,VARCHAR,PLANT,PLANT
FRPR,OH_FRPR3,400,CHAR,MATERIAL,VARCHAR,MATERIAL,MATERIAL
FRPR,OH_FRPR3,500,CHAR,CUST_HIE03,VARCHAR,CUST_HIE03,CUST_HIE03
FRPR,OH_FRPR3,600,NUMC,CALMONTH,VARCHAR,CALMONTH,CALMONTH
FRPR,OH_FRPR3,700,NUMC,VTYPE,VARCHAR,VTYPE,VTYPE
FRPR,OH_FRPR3,800,CHAR,FTYPE,VARCHAR,FTYPE,FTYPE
FRPR,OH_FRPR3,900,CHAR,VERSMON,VARCHAR,VERSMON,VERSMON
FRPR,OH_FRPR3,1000,CHAR,RECORDMODE,VARCHAR,RECORDMODE,RECORDMODE
FRPR,OH_FRPR3,1100,CHAR,UPD_DATE,DATE,UPD_DATE,UPD_DATE
FRPR,OH_FRPR3,1200,CHAR,CUST_HIE02,VARCHAR,CUST_HIE02,CUST_HIE02
FRPR,OH_FRPR3,1300,CHAR,CUST_HIE01,VARCHAR,CUST_HIE01,CUST_HIE01
FRPR,OH_FRPR3,1400,CHAR,DEMND_QTY,FLOAT,DEMND_QTY,DEMND_QTY
FRPR,OH_FRPR3,1500,CHAR,BSELN_QTY,FLOAT,BSELN_QTY,BSELN_QTY
FRPR,OH_FRPR3,1600,CHAR,PROMO_QTY,FLOAT,PROMO_QTY,PROMO_QTY
FRPR,OH_FRPR3,1700,CHAR,DMDCP_QTY,FLOAT,DMDCP_QTY,DMDCP_QTY
FRPR,OH_FRPR3,1800,CHAR,PRMCP_QTY,FLOAT,PRMCP_QTY,PRMCP_QTY
FRPR,OH_FRPR3,1900,UNIT,BASE_UOM,VARCHAR,BASE_UOM,BASE_UOM
FRPR,OH_FRPR4,100,CHAR,COMP_CODE,VARCHAR,COMP_CODE,COMP_CODE
FRPR,OH_FRPR4,200,CHAR,SALESORG,VARCHAR,SALESORG,SALESORG
FRPR,OH_FRPR4,300,CHAR,PLANT,VARCHAR,PLANT,PLANT
FRPR,OH_FRPR4,400,CHAR,MATERIAL,VARCHAR,MATERIAL,MATERIAL
FRPR,OH_FRPR4,500,CHAR,CUST_HIE03,VARCHAR,CUST_HIE03,CUST_HIE03
FRPR,OH_FRPR4,600,NUMC,CALMONTH,VARCHAR,CALMONTH,CALMONTH
FRPR,OH_FRPR4,700,NUMC,VTYPE,VARCHAR,VTYPE,VTYPE
FRPR,OH_FRPR4,800,NUMC,FTYPE,VARCHAR,FTYPE,FTYPE
FRPR,OH_FRPR4,900,NUMC,VERSMON,VARCHAR,VERSMON,VERSMON
FRPR,OH_FRPR4,1000,CHAR,RECORDMODE,VARCHAR,RECORDMODE,RECORDMODE
FRPR,OH_FRPR4,1100,CHAR,UPD_DATE,DATE,UPD_DATE,UPD_DATE
FRPR,OH_FRPR4,1200,CHAR,CUST_HIE02,VARCHAR,CUST_HIE02,CUST_HIE02
FRPR,OH_FRPR4,1300,CHAR,CUST_HIE01,VARCHAR,CUST_HIE01,CUST_HIE01
FRPR,OH_FRPR4,1400,CHAR,DEMND_QTY,FLOAT,DEMND_QTY,DEMND_QTY
FRPR,OH_FRPR4,1500,CHAR,BSELN_QTY,FLOAT,BSELN_QTY,BSELN_QTY
FRPR,OH_FRPR4,1600,CHAR,PROMO_QTY,FLOAT,PROMO_QTY,PROMO_QTY
FRPR,OH_FRPR4,1700,CHAR,DMDCP_QTY,FLOAT,DMDCP_QTY,DMDCP_QTY
FRPR,OH_FRPR4,1800,CHAR,PRMCP_QTY,FLOAT,PRMCP_QTY,PRMCP_QTY
FRPR,OH_FRPR4,1900,UNIT,BASE_UOM,VARCHAR,BASE_UOM,BASE_UOM
RTP,DSCP_TRAN,100,CHAR,MATERIAL,VARCHAR,"lpad(MATERIAL, 18, '0')",MATERIAL
RTP,DSCP_TRAN,200,CHAR,CUSTOMER,VARCHAR,"lpad(CUSTOMER, 10, '0')",SOLDTO
RTP,DSCP_TRAN,300,CHAR,PLANT,VARCHAR,PLANT,PLANT
RTP,DSCP_TRAN,400,CHAR,SALESORG,VARCHAR,SALESORG,SALESORG
RTP,DSCP_TRAN,500,CHAR,CALDAY,DATE,CALDAY,CALDAY
RTP,DSCP_TRAN,510,,,,"DATE_TRUNC('month', CALDAY)",CALMONTH
RTP,DSCP_TRAN,600,CHAR,SLS_QT_SO,FLOAT,SLS_QT_SO,SLS_QT_SO
RTP,DSCP_TRAN,700,CHAR,SLS_QT_RET,FLOAT,SLS_QT_RET,SLS_QT_RET
RTP,DSCP_TRAN,800,CHAR,SLS_QT_FOC,FLOAT,SLS_QT_FOC,SLS_QT_FOC
RTP,DSCP_TRAN,900,CHAR,SLS_QT_DIR,FLOAT,SLS_QT_DIR,SLS_QT_DIR
RTP,DSCP_TRAN,1000,CHAR,SLS_QT_PRO,FLOAT,SLS_QT_PRO,SLS_QT_PRO
RTP,DSCP_TRAN,1100,CHAR,SLS_QT_IC,FLOAT,SLS_QT_IC,SLS_QT_IC
RTP,DSCP_TRAN,1200,CHAR,MSQTBUO,FLOAT,MSQTBUO,MSQTBUO
STK,OH_STOCK,100,UNIT,BASE_UOM,VARCHAR,BASE_UOM,BASE_UOM
STK,OH_STOCK,200,CHAR,CALDAY,DATE,CALDAY,CALDAY
STK,OH_STOCK,300,CHAR,MATERIAL,VARCHAR,MATERIAL,MATERIAL
STK,OH_STOCK,400,CHAR,PLANT,VARCHAR,PLANT,PLANT
STK,OH_STOCK,500,CHAR,END_Q,FLOAT,END_Q,END_Q
STK,OH_STOCK,600,UNIT,END_BUOM,VARCHAR,END_BUOM,END_BUOM
STK,OH_STOCK,700,CHAR,CONSIGNMENT_Q,FLOAT,CONSIGNMENT_Q,CONSIGNMENT_Q
STK,OH_STOCK,800,UNIT,CONSIGNMENT_BUOM,VARCHAR,CONSIGNMENT_BUOM,CONSIGNMENT_BUOM
STK,OH_STOCK,900,CHAR,RECEIPT_Q,FLOAT,RECEIPT_Q,RECEIPT_Q
STK,OH_STOCK,1000,UNIT,RECEIPT_BUOM,VARCHAR,RECEIPT_BUOM,RECEIPT_BUOM
STK,OH_STOCK,1100,CHAR,ISSUED_Q,FLOAT,ISSUED_Q,ISSUED_Q
STK,OH_STOCK,1200,UNIT,ISSUED_BUOM,VARCHAR,ISSUED_BUOM,ISSUED_BUOM
STK,OH_STOCK,1300,CHAR,UNRES_Q,FLOAT,UNRES_Q,UNRES_Q
STK,OH_STOCK,1400,UNIT,UNRES_BUOM,VARCHAR,UNRES_BUOM,UNRES_BUOM
STK,OH_STOCK,1500,CHAR,SUB_CONTR_Q,FLOAT,SUB_CONTR_Q,SUB_CONTR_Q
STK,OH_STOCK,1600,UNIT,SUB_CONTR_BUOM,VARCHAR,SUB_CONTR_BUOM,SUB_CONTR_BUOM
STK,OH_STOCK,1700,CHAR,QUAL_INSP_Q,FLOAT,QUAL_INSP_Q,QUAL_INSP_Q
STK,OH_STOCK,1800,UNIT,QUAL_INSP_BUOM,VARCHAR,QUAL_INSP_BUOM,QUAL_INSP_BUOM
STK,OH_STOCK,1900,CHAR,TRANSIT_Q,FLOAT,TRANSIT_Q,TRANSIT_Q
STK,OH_STOCK,2000,UNIT,TRANSIT_BUOM,VARCHAR,TRANSIT_BUOM,TRANSIT_BUOM
STK,OH_STOCK,2100,CHAR,GR_BLOCKED_Q,FLOAT,GR_BLOCKED_Q,GR_BLOCKED_Q
STK,OH_STOCK,2200,UNIT,GR_BLOCKED_BUOM,VARCHAR,GR_BLOCKED_BUOM,GR_BLOCKED_BUOM
STK,OH_STOCK,2300,CHAR,BLOCKED_Q,FLOAT,BLOCKED_Q,BLOCKED_Q
STK,OH_STOCK,2400,UNIT,BLOCKED_BUOM,VARCHAR,BLOCKED_BUOM,BLOCKED_BUOM
,CUST_ATTR,100,CHAR,SOLDTO_CODE,VARCHAR,SOLDTO_CODE,SOLDTO_CODE
,CUST_ATTR,200,CHAR,SOLDTO_NAME,VARCHAR,SOLDTO_NAME,SOLDTO_NAME
,CUST_ATTR,300,CHAR,SOLDTO_SHNM,VARCHAR,SOLDTO_SHNM,SOLDTO_SHNM
,CUST_ATTR,400,CHAR,SALESORG_CODE,VARCHAR,SALESORG_CODE,SALESORG_CODE
,CUST_ATTR,500,CHAR,CUST_HIE04,VARCHAR,CUST_HIE04,CUST_HIE04
,CUST_ATTR,600,CHAR,CUST_HIE04_NAME,VARCHAR,CUST_HIE04_NAME,CUST_HIE04_NAME
,CUST_ATTR,700,CHAR,CUST_HIE04_SHNM,VARCHAR,CUST_HIE04_SHNM,CUST_HIE04_SHNM
,CUST_ATTR,800,CHAR,CUST_HIE03,VARCHAR,CUST_HIE03,CUST_HIE03
,CUST_ATTR,900,CHAR,CUST_HIE03_NAME,VARCHAR,CUST_HIE03_NAME,CUST_HIE03_NAME
,CUST_ATTR,1000,CHAR,CUST_HIE03_SHNM,VARCHAR,CUST_HIE03_SHNM,CUST_HIE03_SHNM
,CUST_ATTR,1100,CHAR,CUST_HIE02,VARCHAR,CUST_HIE02,CUST_HIE02
,CUST_ATTR,1200,CHAR,CUST_HIE02_NAME,VARCHAR,CUST_HIE02_NAME,CUST_HIE02_NAME
,CUST_ATTR,1300,CHAR,CUST_HIE02_SHNM,VARCHAR,CUST_HIE02_SHNM,CUST_HIE02_SHNM
,CUST_ATTR,1400,CHAR,CUST_HIE01,VARCHAR,CUST_HIE01,CUST_HIE01
,CUST_ATTR,1500,CHAR,CUST_HIE01_NAME,VARCHAR,CUST_HIE01_NAME,CUST_HIE01_NAME
,CUST_ATTR,1600,CHAR,CUST_HIE01_SHNM,VARCHAR,CUST_HIE01_SHNM,CUST_HIE01_SHNM
,CUST_ATTR,1700,CHAR,DEL_INDIC,VARCHAR,DEL_INDIC,DEL_INDIC
BOMX,DSCP_BOMX,100,CHAR,MATERIAL,VARCHAR,MATERIAL,MATERIAL
BOMX,DSCP_BOMX,200,CHAR,PLANT,VARCHAR,PLANT,PLANT
BOMX,DSCP_BOMX,300,CHAR,IDNRK,VARCHAR,IDNRK,IDNRK
BOMX,DSCP_BOMX,400,CHAR,DATEFROM,VARCHAR,DATEFROM,DATEFROM
BOMX,DSCP_BOMX,500,CHAR,DATETO,VARCHAR,DATETO,DATETO
BOMX,DSCP_BOMX,600,DEC,QUANTITY,VARCHAR,QUANTITY,QUANTITY
CUST,DSCP_CUST,100,CHAR,CUSTOMER,VARCHAR,CUSTOMER,CUSTOMER
CUST,DSCP_CUST,200,CHAR,CUSTOMER_TMD,VARCHAR,CUSTOMER_TMD,CUSTOMER_TMD
CUST,DSCP_CUST,300,CHAR,SALESORG,VARCHAR,SALESORG,SALESORG
CUST,DSCP_CUST,400,CHAR,/BIC/CUSTHIE04,VARCHAR,/BIC/CUSTHIE04,/BIC/CUSTHIE04
CUST,DSCP_CUST,500,CHAR,CUST_HIE04_TMD,VARCHAR,CUST_HIE04_TMD,CUST_HIE04_TMD
CUST,DSCP_CUST,600,CHAR,CUST_HIE03,VARCHAR,CUST_HIE03,CUST_HIE03
CUST,DSCP_CUST,700,CHAR,CUST_HIE03_TMD,VARCHAR,CUST_HIE03_TMD,CUST_HIE03_TMD
CUST,DSCP_CUST,800,CHAR,CUST_HIE02,VARCHAR,CUST_HIE02,CUST_HIE02
CUST,DSCP_CUST,900,CHAR,CUST_HIE02_TMD,VARCHAR,CUST_HIE02_TMD,CUST_HIE02_TMD
CUST,DSCP_CUST,1000,CHAR,CUST_HIE01,VARCHAR,CUST_HIE01,CUST_HIE01
CUST,DSCP_CUST,1100,CHAR,CUST_HIE01_TMD,VARCHAR,CUST_HIE01_TMD,CUST_HIE01_TMD
CUST,DSCP_CUST,1200,CHAR,DEL_INDIC,VARCHAR,DEL_INDIC,DEL_INDIC
MATE,DSCP_MATE,100,CHAR,MATERIAL,VARCHAR,MATERIAL,MATERIAL
MATE,DSCP_MATE,200,CHAR,MATERIAL_TMD,VARCHAR,MATERIAL_TMD,MATERIAL_TMD
MATE,DSCP_MATE,300,CHAR,MATL_TYPE,VARCHAR,MATL_TYPE,MATL_TYPE
MATE,DSCP_MATE,400,CHAR,MATL_TYPE_TMD,VARCHAR,MATL_TYPE_TMD,MATL_TYPE_TMD
MATE,DSCP_MATE,500,CHAR,MATL_GROUP,VARCHAR,MATL_GROUP,MATL_GROUP
MATE,DSCP_MATE,600,CHAR,MATL_GROUP_TSH,VARCHAR,MATL_GROUP_TSH,MATL_GROUP_TSH
MATE,DSCP_MATE,700,UNIT,BASE_UOM,VARCHAR,BASE_UOM,BASE_UOM
MATE,DSCP_MATE,800,CHAR,BASE_UOM_TSH,VARCHAR,BASE_UOM_TSH,BASE_UOM_TSH
MATE,DSCP_MATE,900,DEC,BU2_PAL,VARCHAR,BU2_PAL,BU2_PAL
MATE,DSCP_MATE,1000,DEC,BU2_CCG,VARCHAR,BU2_CCG,BU2_CCG
MATE,DSCP_MATE,1100,DEC,BU2_LAY,VARCHAR,BU2_LAY,BU2_LAY
MATE,DSCP_MATE,1200,DEC,BU2_CS,VARCHAR,BU2_CS,BU2_CS
MATE,DSCP_MATE,1300,DEC,BU2_PAC,VARCHAR,BU2_PAC,BU2_PAC
MATE,DSCP_MATE,1400,DEC,BU2_L,VARCHAR,BU2_L,BU2_L
MATE,DSCP_MATE,1500,DEC,BU2_KG,VARCHAR,BU2_KG,BU2_KG
MATE,DSCP_MATE,1600,DEC,BU2_DS,VARCHAR,BU2_DS,BU2_DS
MATE,DSCP_MATE,1700,DEC,BU2_CNT,VARCHAR,BU2_CNT,BU2_CNT
MATE,DSCP_MATE,1800,DEC,BU2_EA,VARCHAR,BU2_EA,BU2_EA
MATE,DSCP_MATE,1900,CHAR,/BIC/PRDH4,VARCHAR,/BIC/PRDH4,/BIC/PRDH4
MATE,DSCP_MATE,2000,CHAR,PRDH4_TMD,VARCHAR,PRDH4_TMD,PRDH4_TMD
MATE,DSCP_MATE,2100,CHAR,/BIC/PRDH3,VARCHAR,/BIC/PRDH3,/BIC/PRDH3
MATE,DSCP_MATE,2200,CHAR,PRDH3_TMD,VARCHAR,PRDH3_TMD,PRDH3_TMD
MATE,DSCP_MATE,2300,CHAR,/BIC/PRDH2,VARCHAR,/BIC/PRDH2,/BIC/PRDH2
MATE,DSCP_MATE,2400,CHAR,PRDH2_TMD,VARCHAR,PRDH2_TMD,PRDH2_TMD
MATE,DSCP_MATE,2500,CHAR,/BIC/PRDH1,VARCHAR,/BIC/PRDH1,/BIC/PRDH1
MATE,DSCP_MATE,2600,CHAR,PRDH1_TMD,VARCHAR,PRDH1_TMD,PRDH1_TMD
MATE,DSCP_MATE,2700,CHAR,/BIC/LVORM,VARCHAR,/BIC/LVORM,/BIC/LVORM
MATP,DSCP_MATP,100,CHAR,MAT_PLANT,VARCHAR,MAT_PLANT,MAT_PLANT
MATP,DSCP_MATP,200,CHAR,PLANT,VARCHAR,PLANT,PLANT
MATP,DSCP_MATP,300,CHAR,/BIC/MMSTA,VARCHAR,/BIC/MMSTA,/BIC/MMSTA
MATP,DSCP_MATP,400,CHAR,MMSTA_TSH,VARCHAR,MMSTA_TSH,MMSTA_TSH
MATP,DSCP_MATP,500,CHAR,/BIC/SOBSL,VARCHAR,/BIC/SOBSL,/BIC/SOBSL
MATP,DSCP_MATP,600,CHAR,SOBSL_TLG,VARCHAR,SOBSL_TLG,SOBSL_TLG
MATP,DSCP_MATP,700,CHAR,DEL_FLAG,VARCHAR,DEL_FLAG,DEL_FLAG
MATP,DSCP_MATP,800,NUMC,/BIC/PLDDELTME,VARCHAR,/BIC/PLDDELTME,/BIC/PLDDELTME
MATP,DSCP_MATP,900,CHAR,DISMM,VARCHAR,DISMM,DISMM
MATP,DSCP_MATP,1000,CHAR,/BIC/STGY_GRP,VARCHAR,/BIC/STGY_GRP,/BIC/STGY_GRP
MATP,DSCP_MATP,1100,CHAR,/BIC/RWPRO,VARCHAR,/BIC/RWPRO,/BIC/RWPRO
MATP,DSCP_MATP,1200,NUMC,/BIC/SHZET,VARCHAR,/BIC/SHZET,/BIC/SHZET
MATP,DSCP_MATP,1300,CHAR,/BIC/SHPRO,VARCHAR,/BIC/SHPRO,/BIC/SHPRO
MATS,DSCP_MATS,100,CHAR,MATERIAL,VARCHAR,MATERIAL,MATERIAL
MATS,DSCP_MATS,200,CHAR,SALESORG,VARCHAR,SALESORG,SALESORG
MATS,DSCP_MATS,300,CHAR,ACCNT_ASGN,VARCHAR,ACCNT_ASGN,ACCNT_ASGN
MATS,DSCP_MATS,400,CHAR,ACCNT_ASGN_TSH,VARCHAR,ACCNT_ASGN_TSH,ACCNT_ASGN_TSH
MATS,DSCP_MATS,500,CHAR,/BIC/ZDMND_PLN,VARCHAR,/BIC/ZDMND_PLN,/BIC/ZDMND_PLN
MATS,DSCP_MATS,600,CHAR,ZDMND_PLN_TSH,VARCHAR,ZDMND_PLN_TSH,ZDMND_PLN_TSH
MATS,DSCP_MATS,700,CHAR,/BIC/MTPOS,VARCHAR,/BIC/MTPOS,/BIC/MTPOS
MATS,DSCP_MATS,800,CHAR,MTPOS_TSH,VARCHAR,MTPOS_TSH,MTPOS_TSH
MATS,DSCP_MATS,900,CHAR,/BIC/VMSTA,VARCHAR,/BIC/VMSTA,/BIC/VMSTA
MATS,DSCP_MATS,1000,CHAR,VMSTA_TSH,VARCHAR,VMSTA_TSH,VMSTA_TSH
MATS,DSCP_MATS,1100,CHAR,/BIC/PRAT1,VARCHAR,/BIC/PRAT1,/BIC/PRAT1
MATS,DSCP_MATS,1200,CHAR,LOWERDATE,VARCHAR,LOWERDATE,LOWERDATE
MATS,DSCP_MATS,1300,CHAR,ENDDATE,VARCHAR,ENDDATE,ENDDATE
MATS,DSCP_MATS,1400,UNIT,SALES_UNIT,VARCHAR,SALES_UNIT,SALES_UNIT
MATS,DSCP_MATS,1500,QUAN,SU2_BU,VARCHAR,SU2_BU,SU2_BU
MATS,DSCP_MATS,1600,CHAR,DEL_FLAG,VARCHAR,DEL_FLAG,DEL_FLAG
MATS,DSCP_MATS,1700,CHAR,/BIC/PRAT7,VARCHAR,/BIC/PRAT7,/BIC/PRAT7
PLNT,DSCP_PLNT,100,CHAR,PLANT,VARCHAR,PLANT,PLANT
PLNT,DSCP_PLNT,200,CHAR,PLANT_TMD,VARCHAR,PLANT_TMD,PLANT_TMD
SORG,DSCP_SORG,100,CHAR,SALESORG,VARCHAR,SALESORG,SALESORG
SORG,DSCP_SORG,200,CHAR,SALESORG_TLG,VARCHAR,SALESORG_TLG,SALESORG_TLG
,IMOH00,100,CHAR,RECORDMODE,VARCHAR,RECORDMODE,RECORDMODE
,IMOH00,200,CHAR,PRODUCT,VARCHAR,PRODUCT,PRODUCT
,IMOH00,300,DATS,BBD,VARCHAR,BBD,BBD
,IMOH00,400,CHAR,BATCH,VARCHAR,BATCH,BATCH
,IMOH00,500,CHAR,PLANT,VARCHAR,PLANT,PLANT
,IMOH00,600,CHAR,VENDOR,VARCHAR,VENDOR,VENDOR
,OH_DMMG0,100,CHAR,COMP_CODE,VARCHAR,COMP_CODE,COMP_CODE
,OH_DMMG0,200,CHAR,PLANT,VARCHAR,PLANT,PLANT
,OH_DMMG0,300,CHAR,SALESORG,VARCHAR,SALESORG,SALESORG
,OH_DMMG0,400,CHAR,MATERIAL,VARCHAR,MATERIAL,MATERIAL
,OH_DMMG0,500,CHAR,MAT_PLANT,VARCHAR,MAT_PLANT,MAT_PLANT
,OH_DMMG0,600,CHAR,MATL_GROUP,VARCHAR,MATL_GROUP,MATL_GROUP
,OH_DMMG0,700,CHAR,DISMM,VARCHAR,DISMM,DISMM
,OH_DMMG0,800,CHAR,BATCH,VARCHAR,BATCH,BATCH
,OH_DMMG0,900,CHAR,EANUPC,VARCHAR,EANUPC,EANUPC
,OH_DMMG0,1000,CHAR,PROD_HIER,VARCHAR,PROD_HIER,PROD_HIER
,OH_DMMG0,1100,CHAR,/BIC/PRODH1,VARCHAR,/BIC/PRODH1,/BIC/PRODH1
,OH_DMMG0,1200,CHAR,/BIC/PRODH2,VARCHAR,/BIC/PRODH2,/BIC/PRODH2
,OH_DMMG0,1300,CHAR,/BIC/PRODH3,VARCHAR,/BIC/PRODH3,/BIC/PRODH3
,OH_DMMG0,1400,CHAR,/BIC/PRODH4,VARCHAR,/BIC/PRODH4,/BIC/PRODH4
,OH_DMMG0,1500,CHAR,DOC_TYPE,VARCHAR,DOC_TYPE,DOC_TYPE
,OH_DMMG0,1600,CHAR,/BIC/WEEKNUM,VARCHAR,/BIC/WEEKNUM,/BIC/WEEKNUM
,OH_DMMG0,1700,UNIT,BASE_UOM,VARCHAR,BASE_UOM,BASE_UOM
,OH_DMMG0,1800,UNIT,SALES_UNIT,VARCHAR,SALES_UNIT,SALES_UNIT
,OH_DMMG0,1900,UNIT,VOLUMEUNIT,VARCHAR,VOLUMEUNIT,VOLUMEUNIT
,OH_DMMG0,2000,DATS,CALDAY,VARCHAR,CALDAY,CALDAY
,OH_DMMG0,2100,NUMC,CALWEEK,VARCHAR,CALWEEK,CALWEEK
,OH_DMMG0,2200,NUMC,WEEKDAY1,VARCHAR,WEEKDAY1,WEEKDAY1
,OH_DMMG0,2300,NUMC,CALMONTH,VARCHAR,CALMONTH,CALMONTH
,OH_DMMG0,2400,NUMC,CALQUARTER,VARCHAR,CALQUARTER,CALQUARTER
,OH_DMMG0,2500,NUMC,CALYEAR,VARCHAR,CALYEAR,CALYEAR
,OH_DMMG0,2600,CHAR,VENDOR,VARCHAR,VENDOR,VENDOR
,OH_DMMG0,2700,NUMC,CALMONTH2,VARCHAR,CALMONTH2,CALMONTH2
,OH_DMMG0,2800,CHAR,DLV_STSO,VARCHAR,DLV_STSO,DLV_STSO
,OH_DMMG0,2900,CHAR,PCOMPANY,VARCHAR,PCOMPANY,PCOMPANY
,OH_DMMG0,3000,CHAR,ITEM_CATEG,VARCHAR,ITEM_CATEG,ITEM_CATEG
,OH_DMMG0,3100,CHAR,MAT_UNIT,VARCHAR,MAT_UNIT,MAT_UNIT
,OH_DMMG0,3200,CHAR,RECORDMODE,VARCHAR,RECORDMODE,RECORDMODE
,OH_DMMG0,3300,QUAN,ACT_DL_QTY,VARCHAR,ACT_DL_QTY,ACT_DL_QTY
,OH_DMMG0,3400,QUAN,DLV_QTY,VARCHAR,DLV_QTY,DLV_QTY
,OH_DMMG0,3500,DEC,NO_DEL_IT,VARCHAR,NO_DEL_IT,NO_DEL_IT
,OH_DMMG0,3600,DEC,/BIC/ROWCNT,VARCHAR,/BIC/ROWCNT,/BIC/ROWCNT
,OH_DMMG0,3700,QUAN,VOLUME_DL,VARCHAR,VOLUME_DL,VOLUME_DL
,OH_DMMG0,3800,QUAN,REQU_QTY,VARCHAR,REQU_QTY,REQU_QTY
,OH_DMMG0,3900,QUAN,QUANT_B,VARCHAR,QUANT_B,QUANT_B
,OH_DMMG0,4000,QUAN,/BIC/MSQTYOU,VARCHAR,/BIC/MSQTYOU,/BIC/MSQTYOU
,OH_DMMG0,4100,QUAN,/BIC/MSQTBUO,VARCHAR,/BIC/MSQTBUO,/BIC/MSQTBUO
,OH_DMMG0,4200,QUAN,/BIC/DLVQTYCS,VARCHAR,/BIC/DLVQTYCS,/BIC/DLVQTYCS
,OH_FCWKF,100,DATS,CALDAY,VARCHAR,CALDAY,CALDAY
,OH_FCWKF,200,NUMC,CALMONTH,VARCHAR,CALMONTH,CALMONTH
,OH_FCWKF,300,NUMC,CALQUARTER,VARCHAR,CALQUARTER,CALQUARTER
,OH_FCWKF,400,NUMC,CALWEEK,VARCHAR,CALWEEK,CALWEEK
,OH_FCWKF,500,NUMC,CALYEAR,VARCHAR,CALYEAR,CALYEAR
,OH_FCWKF,600,CHAR,/BIC/WEEKNUM,VARCHAR,/BIC/WEEKNUM,/BIC/WEEKNUM
,OH_FCWKF,700,NUMC,/BIC/CALMON445,VARCHAR,/BIC/CALMON445,/BIC/CALMON445
,OH_FCWKF,800,CHAR,/BIC/CALMN2445,VARCHAR,/BIC/CALMN2445,/BIC/CALMN2445
,OH_FCWKF,900,CHAR,/BIC/CALYR445,VARCHAR,/BIC/CALYR445,/BIC/CALYR445
,OH_FCWKF,1000,UNIT,BASE_UOM,VARCHAR,BASE_UOM,BASE_UOM
,OH_FCWKF,1100,UNIT,SALES_UNIT,VARCHAR,SALES_UNIT,SALES_UNIT
,OH_FCWKF,1200,CHAR,COMP_CODE,VARCHAR,COMP_CODE,COMP_CODE
,OH_FCWKF,1300,CHAR,DISTR_CHAN,VARCHAR,DISTR_CHAN,DISTR_CHAN
,OH_FCWKF,1400,CHAR,SALESORG,VARCHAR,SALESORG,SALESORG
,OH_FCWKF,1500,CHAR,PLANT,VARCHAR,PLANT,PLANT
,OH_FCWKF,1600,CHAR,MATERIAL,VARCHAR,MATERIAL,MATERIAL
,OH_FCWKF,1700,UNIT,STGE_PD_UN,VARCHAR,STGE_PD_UN,STGE_PD_UN
,OH_FCWKF,1800,DATS,/BIC/VERSDATE,VARCHAR,/BIC/VERSDATE,/BIC/VERSDATE
,OH_FCWKF,1900,NUMC,/BIC/VERSWEEK,VARCHAR,/BIC/VERSWEEK,/BIC/VERSWEEK
,OH_FCWKF,2000,NUMC,/BIC/VERSWKLT,VARCHAR,/BIC/VERSWKLT,/BIC/VERSWKLT
,OH_FCWKF,2100,CHAR,/BIC/VERSWKID,VARCHAR,/BIC/VERSWKID,/BIC/VERSWKID
,OH_FCWKF,2200,CHAR,/BIC/VERSLEAD,VARCHAR,/BIC/VERSLEAD,/BIC/VERSLEAD
,OH_FCWKF,2300,CHAR,VENDOR,VARCHAR,VENDOR,VENDOR
,OH_FCWKF,2400,CHAR,MAT_SALES,VARCHAR,MAT_SALES,MAT_SALES
,OH_FCWKF,2500,CHAR,MAT_PLANT,VARCHAR,MAT_PLANT,MAT_PLANT
,OH_FCWKF,2600,CHAR,MAT_UNIT,VARCHAR,MAT_UNIT,MAT_UNIT
,OH_FCWKF,2700,CHAR,RECORDMODE,VARCHAR,RECORDMODE,RECORDMODE
,OH_FCWKF,2800,QUAN,/BIC/FCQTYSU,VARCHAR,/BIC/FCQTYSU,/BIC/FCQTYSU
,OH_FCWKF,2900,QUAN,/BIC/KOPRW,VARCHAR,/BIC/KOPRW,/BIC/KOPRW
,OH_FCWKF,3000,QUAN,/BIC/PRWRT,VARCHAR,/BIC/PRWRT,/BIC/PRWRT
,OH_FCWKF,3100,QUAN,PLND_DELRY,VARCHAR,PLND_DELRY,PLND_DELRY
,OH_FCWKF,3200,INT4,/BIC/LDTMWEEK,VARCHAR,/BIC/LDTMWEEK,/BIC/LDTMWEEK
,OH_FCWKF,3300,QUAN,/BIC/PRWRTSU,VARCHAR,/BIC/PRWRTSU,/BIC/PRWRTSU
,OH_FRABM,100,CHAR,COMP_CODE,VARCHAR,COMP_CODE,COMP_CODE
,OH_FRABM,200,CHAR,SALESORG,VARCHAR,SALESORG,SALESORG
,OH_FRABM,300,CHAR,PLANT,VARCHAR,PLANT,PLANT
,OH_FRABM,400,CHAR,MATERIAL,VARCHAR,MATERIAL,MATERIAL
,OH_FRABM,500,CHAR,CUST_HIE03,VARCHAR,CUST_HIE03,CUST_HIE03
,OH_FRABM,600,NUMC,CALMONTH,VARCHAR,CALMONTH,CALMONTH
,OH_FRABM,700,CHAR,/BIC/MAT_PROMO,VARCHAR,/BIC/MAT_PROMO,/BIC/MAT_PROMO
,OH_FRABM,800,NUMC,/BIC/VTYPE,VARCHAR,/BIC/VTYPE,/BIC/VTYPE
,OH_FRABM,900,NUMC,/BIC/FTYPE,VARCHAR,/BIC/FTYPE,/BIC/FTYPE
,OH_FRABM,1000,NUMC,/BIC/VERSMON,VARCHAR,/BIC/VERSMON,/BIC/VERSMON
,OH_FRABM,1100,CHAR,RECORDMODE,VARCHAR,RECORDMODE,RECORDMODE
,OH_FRABM,1200,CHAR,/BIC/MNTHDIFF,VARCHAR,/BIC/MNTHDIFF,/BIC/MNTHDIFF
,OH_FRABM,1300,CHAR,CUST_SALES,VARCHAR,CUST_SALES,CUST_SALES
,OH_FRABM,1400,CHAR,MAT_PLANT,VARCHAR,MAT_PLANT,MAT_PLANT
,OH_FRABM,1500,CHAR,MAT_SALES,VARCHAR,MAT_SALES,MAT_SALES
,OH_FRABM,1600,CHAR,DISTR_CHAN,VARCHAR,DISTR_CHAN,DISTR_CHAN
,OH_FRABM,1700,CHAR,CUSTOMER,VARCHAR,CUSTOMER,CUSTOMER
,OH_FRABM,1800,CHAR,DIVISION,VARCHAR,DIVISION,DIVISION
,OH_FRABM,1900,NUMC,CALYEAR,VARCHAR,CALYEAR,CALYEAR
,OH_FRABM,2000,NUMC,CALMONTH2,VARCHAR,CALMONTH2,CALMONTH2
,OH_FRABM,2100,CHAR,CUST_HIE02,VARCHAR,CUST_HIE02,CUST_HIE02
,OH_FRABM,2200,CHAR,CUST_HIE01,VARCHAR,CUST_HIE01,CUST_HIE01
,OH_FRABM,2300,UNIT,BASE_UOM,VARCHAR,BASE_UOM,BASE_UOM
,OH_FRABM,2400,CHAR,/BIC/PROMO_IDC,VARCHAR,/BIC/PROMO_IDC,/BIC/PROMO_IDC
,OH_FRABM,2500,QUAN,/BIC/DEMND_QTY,VARCHAR,/BIC/DEMND_QTY,/BIC/DEMND_QTY
,OH_FRABM,2600,QUAN,/BIC/BSELN_QTY,VARCHAR,/BIC/BSELN_QTY,/BIC/BSELN_QTY
,OH_FRABM,2700,QUAN,/BIC/PROMO_QTY,VARCHAR,/BIC/PROMO_QTY,/BIC/PROMO_QTY
,OH_FRABM,2800,QUAN,/BIC/DMDCP_QTY,VARCHAR,/BIC/DMDCP_QTY,/BIC/DMDCP_QTY
,OH_FRABM,2900,QUAN,/BIC/PRMCP_QTY,VARCHAR,/BIC/PRMCP_QTY,/BIC/PRMCP_QTY
,OH_FRABM,3000,QUAN,/BIC/DEMQTYM0,VARCHAR,/BIC/DEMQTYM0,/BIC/DEMQTYM0
,OH_FRABM,3100,QUAN,/BIC/DEMQTYM1,VARCHAR,/BIC/DEMQTYM1,/BIC/DEMQTYM1
,OH_FRABM,3200,QUAN,/BIC/DEMQTYM2,VARCHAR,/BIC/DEMQTYM2,/BIC/DEMQTYM2
,OH_FRABM,3300,QUAN,/BIC/DEMQTYM3,VARCHAR,/BIC/DEMQTYM3,/BIC/DEMQTYM3
,OH_FRABM,3400,QUAN,/BIC/BSLNQTYM0,VARCHAR,/BIC/BSLNQTYM0,/BIC/BSLNQTYM0
,OH_FRABM,3500,QUAN,/BIC/BSLNQTYM1,VARCHAR,/BIC/BSLNQTYM1,/BIC/BSLNQTYM1
,OH_FRABM,3600,QUAN,/BIC/BSLNQTYM2,VARCHAR,/BIC/BSLNQTYM2,/BIC/BSLNQTYM2
,OH_FRABM,3700,QUAN,/BIC/BSLNQTYM3,VARCHAR,/BIC/BSLNQTYM3,/BIC/BSLNQTYM3
,OH_FRABM,3800,QUAN,/BIC/PRMQTYM0,VARCHAR,/BIC/PRMQTYM0,/BIC/PRMQTYM0
,OH_FRABM,3900,QUAN,/BIC/PRMQTYM1,VARCHAR,/BIC/PRMQTYM1,/BIC/PRMQTYM1
,OH_FRABM,4000,QUAN,/BIC/PRMQTYM2,VARCHAR,/BIC/PRMQTYM2,/BIC/PRMQTYM2
,OH_FRABM,4100,QUAN,/BIC/PRMQTYM3,VARCHAR,/BIC/PRMQTYM3,/BIC/PRMQTYM3
,OH_FRABM,4200,QUAN,/BIC/DMCPQTYM0,VARCHAR,/BIC/DMCPQTYM0,/BIC/DMCPQTYM0
,OH_FRABM,4300,QUAN,/BIC/DMCPQTYM1,VARCHAR,/BIC/DMCPQTYM1,/BIC/DMCPQTYM1
,OH_FRABM,4400,QUAN,/BIC/DMCPQTYM2,VARCHAR,/BIC/DMCPQTYM2,/BIC/DMCPQTYM2
,OH_FRABM,4500,QUAN,/BIC/DMCPQTYM3,VARCHAR,/BIC/DMCPQTYM3,/BIC/DMCPQTYM3
,OH_FRABM,4600,QUAN,/BIC/PRCPQTYM0,VARCHAR,/BIC/PRCPQTYM0,/BIC/PRCPQTYM0
,OH_FRABM,4700,QUAN,/BIC/PRCPQTYM1,VARCHAR,/BIC/PRCPQTYM1,/BIC/PRCPQTYM1
,OH_FRABM,4800,QUAN,/BIC/PRCPQTYM2,VARCHAR,/BIC/PRCPQTYM2,/BIC/PRCPQTYM2
,OH_FRABM,4900,QUAN,/BIC/PRCPQTYM3,VARCHAR,/BIC/PRCPQTYM3,/BIC/PRCPQTYM3
,OH_FRCAC,100,CHAR,COMP_CODE,VARCHAR,COMP_CODE,COMP_CODE
,OH_FRCAC,200,CHAR,SALESORG,VARCHAR,SALESORG,SALESORG
,OH_FRCAC,300,CHAR,PLANT,VARCHAR,PLANT,PLANT
,OH_FRCAC,400,CHAR,MATERIAL,VARCHAR,MATERIAL,MATERIAL
,OH_FRCAC,500,CHAR,CUST_HIE03,VARCHAR,CUST_HIE03,CUST_HIE03
,OH_FRCAC,600,NUMC,CALMONTH,VARCHAR,CALMONTH,CALMONTH
,OH_FRCAC,700,NUMC,/BIC/VTYPE,VARCHAR,/BIC/VTYPE,/BIC/VTYPE
,OH_FRCAC,800,NUMC,/BIC/FTYPE,VARCHAR,/BIC/FTYPE,/BIC/FTYPE
,OH_FRCAC,900,NUMC,/BIC/VERSMON,VARCHAR,/BIC/VERSMON,/BIC/VERSMON
,OH_FRCAC,1000,CHAR,RECORDMODE,VARCHAR,RECORDMODE,RECORDMODE
,OH_FRCAC,1100,CHAR,/BIC/MNTHDIFF,VARCHAR,/BIC/MNTHDIFF,/BIC/MNTHDIFF
,OH_FRCAC,1200,CHAR,CUST_SALES,VARCHAR,CUST_SALES,CUST_SALES
,OH_FRCAC,1300,CHAR,MAT_PLANT,VARCHAR,MAT_PLANT,MAT_PLANT
,OH_FRCAC,1400,CHAR,MAT_SALES,VARCHAR,MAT_SALES,MAT_SALES
,OH_FRCAC,1500,CHAR,DISTR_CHAN,VARCHAR,DISTR_CHAN,DISTR_CHAN
,OH_FRCAC,1600,CHAR,CUSTOMER,VARCHAR,CUSTOMER,CUSTOMER
,OH_FRCAC,1700,CHAR,DIVISION,VARCHAR,DIVISION,DIVISION
,OH_FRCAC,1800,NUMC,CALYEAR,VARCHAR,CALYEAR,CALYEAR
,OH_FRCAC,1900,NUMC,CALMONTH2,VARCHAR,CALMONTH2,CALMONTH2
,OH_FRCAC,2000,CHAR,CUST_HIE02,VARCHAR,CUST_HIE02,CUST_HIE02
,OH_FRCAC,2100,CHAR,CUST_HIE01,VARCHAR,CUST_HIE01,CUST_HIE01
,OH_FRCAC,2200,UNIT,BASE_UOM,VARCHAR,BASE_UOM,BASE_UOM
,OH_FRCAC,2300,QUAN,/BIC/DEMND_QTY,VARCHAR,/BIC/DEMND_QTY,/BIC/DEMND_QTY
,OH_FRCAC,2400,QUAN,/BIC/BSELN_QTY,VARCHAR,/BIC/BSELN_QTY,/BIC/BSELN_QTY
,OH_FRCAC,2500,QUAN,/BIC/PROMO_QTY,VARCHAR,/BIC/PROMO_QTY,/BIC/PROMO_QTY
,OH_FRCAC,2600,QUAN,/BIC/DMDCP_QTY,VARCHAR,/BIC/DMDCP_QTY,/BIC/DMDCP_QTY
,OH_FRCAC,2700,QUAN,/BIC/PRMCP_QTY,VARCHAR,/BIC/PRMCP_QTY,/BIC/PRMCP_QTY
,OH_FRCAC,2800,QUAN,/BIC/DEMQTYM0,VARCHAR,/BIC/DEMQTYM0,/BIC/DEMQTYM0
,OH_FRCAC,2900,QUAN,/BIC/DEMQTYM1,VARCHAR,/BIC/DEMQTYM1,/BIC/DEMQTYM1
,OH_FRCAC,3000,QUAN,/BIC/DEMQTYM2,VARCHAR,/BIC/DEMQTYM2,/BIC/DEMQTYM2
,OH_FRCAC,3100,QUAN,/BIC/DEMQTYM3,VARCHAR,/BIC/DEMQTYM3,/BIC/DEMQTYM3
,OH_FRCAC,3200,QUAN,/BIC/BSLNQTYM0,VARCHAR,/BIC/BSLNQTYM0,/BIC/BSLNQTYM0
,OH_FRCAC,3300,QUAN,/BIC/BSLNQTYM1,VARCHAR,/BIC/BSLNQTYM1,/BIC/BSLNQTYM1
,OH_FRCAC,3400,QUAN,/BIC/BSLNQTYM2,VARCHAR,/BIC/BSLNQTYM2,/BIC/BSLNQTYM2
,OH_FRCAC,3500,QUAN,/BIC/BSLNQTYM3,VARCHAR,/BIC/BSLNQTYM3,/BIC/BSLNQTYM3
,OH_FRCAC,3600,QUAN,/BIC/PRMQTYM0,VARCHAR,/BIC/PRMQTYM0,/BIC/PRMQTYM0
,OH_FRCAC,3700,QUAN,/BIC/PRMQTYM1,VARCHAR,/BIC/PRMQTYM1,/BIC/PRMQTYM1
,OH_FRCAC,3800,QUAN,/BIC/PRMQTYM2,VARCHAR,/BIC/PRMQTYM2,/BIC/PRMQTYM2
,OH_FRCAC,3900,QUAN,/BIC/PRMQTYM3,VARCHAR,/BIC/PRMQTYM3,/BIC/PRMQTYM3
,OH_FRCAC,4000,QUAN,/BIC/DMCPQTYM0,VARCHAR,/BIC/DMCPQTYM0,/BIC/DMCPQTYM0
,OH_FRCAC,4100,QUAN,/BIC/DMCPQTYM1,VARCHAR,/BIC/DMCPQTYM1,/BIC/DMCPQTYM1
,OH_FRCAC,4200,QUAN,/BIC/DMCPQTYM2,VARCHAR,/BIC/DMCPQTYM2,/BIC/DMCPQTYM2
,OH_FRCAC,4300,QUAN,/BIC/DMCPQTYM3,VARCHAR,/BIC/DMCPQTYM3,/BIC/DMCPQTYM3
,OH_FRCAC,4400,QUAN,/BIC/PRCPQTYM0,VARCHAR,/BIC/PRCPQTYM0,/BIC/PRCPQTYM0
,OH_FRCAC,4500,QUAN,/BIC/PRCPQTYM1,VARCHAR,/BIC/PRCPQTYM1,/BIC/PRCPQTYM1
,OH_FRCAC,4600,QUAN,/BIC/PRCPQTYM2,VARCHAR,/BIC/PRCPQTYM2,/BIC/PRCPQTYM2
,OH_FRCAC,4700,QUAN,/BIC/PRCPQTYM3,VARCHAR,/BIC/PRCPQTYM3,/BIC/PRCPQTYM3
,OH_FRCT0,100,CHAR,PLANT,VARCHAR,PLANT,PLANT
,OH_FRCT0,200,CHAR,MATERIAL,VARCHAR,MATERIAL,MATERIAL
,OH_FRCT0,300,DATS,CALDAY,VARCHAR,CALDAY,CALDAY
,OH_FRCT0,400,DATS,/BIC/VERSDATE,VARCHAR,/BIC/VERSDATE,/BIC/VERSDATE
,OH_FRCT0,500,CHAR,RECORDMODE,VARCHAR,RECORDMODE,RECORDMODE
,OH_FRCT0,600,NUMC,CALWEEK,VARCHAR,CALWEEK,CALWEEK
,OH_FRCT0,700,NUMC,/BIC/VERSWEEK,VARCHAR,/BIC/VERSWEEK,/BIC/VERSWEEK
,OH_FRCT0,800,CHAR,MAT_PLANT,VARCHAR,MAT_PLANT,MAT_PLANT
,OH_FRCT0,900,QUAN,/BIC/KOPRW,VARCHAR,/BIC/KOPRW,/BIC/KOPRW
,OH_FRCT0,1000,QUAN,/BIC/PRWRT,VARCHAR,/BIC/PRWRT,/BIC/PRWRT
,OH_FRCT0,1100,UNIT,BASE_UOM,VARCHAR,BASE_UOM,BASE_UOM
,OH_FRCT0,1200,CHAR,/BIC/PERKZ,VARCHAR,/BIC/PERKZ,/BIC/PERKZ
,OH_VAIT0,100,CHAR,FISCVARNT,VARCHAR,FISCVARNT,FISCVARNT
,OH_VAIT0,200,CHAR,DOC_NUMBER,VARCHAR,DOC_NUMBER,DOC_NUMBER
,OH_VAIT0,300,NUMC,S_ORD_ITEM,VARCHAR,S_ORD_ITEM,S_ORD_ITEM
,OH_VAIT0,400,CHAR,RECORDMODE,VARCHAR,RECORDMODE,RECORDMODE
,OH_VAIT0,500,CHAR,REJECTN_ST,VARCHAR,REJECTN_ST,REJECTN_ST
,OH_VAIT0,600,CHAR,STS_ITM,VARCHAR,STS_ITM,STS_ITM
,OH_VAIT0,700,CHAR,STS_BILL,VARCHAR,STS_BILL,STS_BILL
,OH_VAIT0,800,CHAR,STS_PRC,VARCHAR,STS_PRC,STS_PRC
,OH_VAIT0,900,CHAR,STS_DEL,VARCHAR,STS_DEL,STS_DEL
,OH_VAIT0,1000,DATS,QUOT_FROM,VARCHAR,QUOT_FROM,QUOT_FROM
,OH_VAIT0,1100,CHAR,DOC_TYPE,VARCHAR,DOC_TYPE,DOC_TYPE
,OH_VAIT0,1200,CHAR,ORD_REASON,VARCHAR,ORD_REASON,ORD_REASON
,OH_VAIT0,1300,DATS,QUOT_TO,VARCHAR,QUOT_TO,QUOT_TO
,OH_VAIT0,1400,CHAR,COMP_CODE,VARCHAR,COMP_CODE,COMP_CODE
,OH_VAIT0,1500,CHAR,BILL_BLOCK,VARCHAR,BILL_BLOCK,BILL_BLOCK
,OH_VAIT0,1600,CHAR,SOLD_TO,VARCHAR,SOLD_TO,SOLD_TO
,OH_VAIT0,1700,CHAR,RATE_TYPE,VARCHAR,RATE_TYPE,RATE_TYPE
,OH_VAIT0,1800,CHAR,CUST_GRP1,VARCHAR,CUST_GRP1,CUST_GRP1
,OH_VAIT0,1900,CHAR,CUST_GRP2,VARCHAR,CUST_GRP2,CUST_GRP2
,OH_VAIT0,2000,CHAR,CUST_GRP3,VARCHAR,CUST_GRP3,CUST_GRP3
,OH_VAIT0,2100,CHAR,CUST_GRP4,VARCHAR,CUST_GRP4,CUST_GRP4
,OH_VAIT0,2200,CHAR,CUST_GRP5,VARCHAR,CUST_GRP5,CUST_GRP5
,OH_VAIT0,2300,CHAR,DEL_BLOCK,VARCHAR,DEL_BLOCK,DEL_BLOCK
,OH_VAIT0,2400,CHAR,DOC_CATEG,VARCHAR,DOC_CATEG,DOC_CATEG
,OH_VAIT0,2500,CHAR,SALES_OFF,VARCHAR,SALES_OFF,SALES_OFF
,OH_VAIT0,2600,CHAR,SALES_GRP,VARCHAR,SALES_GRP,SALES_GRP
,OH_VAIT0,2700,CHAR,SALESORG,VARCHAR,SALESORG,SALESORG
,OH_VAIT0,2800,CHAR,DISTR_CHAN,VARCHAR,DISTR_CHAN,DISTR_CHAN
,OH_VAIT0,2900,CHAR,REASON_REJ,VARCHAR,REASON_REJ,REASON_REJ
,OH_VAIT0,3000,DATS,CH_ON,VARCHAR,CH_ON,CH_ON
,OH_VAIT0,3100,NUMC,ORDER_PROB,VARCHAR,ORDER_PROB,ORDER_PROB
,OH_VAIT0,3200,CHAR,BWAPPLNM,VARCHAR,BWAPPLNM,BWAPPLNM
,OH_VAIT0,3300,NUMC,PROCESSKEY,VARCHAR,PROCESSKEY,PROCESSKEY
,OH_VAIT0,3400,CHAR,BATCH,VARCHAR,BATCH,BATCH
,OH_VAIT0,3500,CHAR,EANUPC,VARCHAR,EANUPC,EANUPC
,OH_VAIT0,3600,DATS,CREATEDON,VARCHAR,CREATEDON,CREATEDON
,OH_VAIT0,3700,CHAR,CREATEDBY,VARCHAR,CREATEDBY,CREATEDBY
,OH_VAIT0,3800,TIMS,CREA_TIME,VARCHAR,CREA_TIME,CREA_TIME
,OH_VAIT0,3900,CHAR,BILBLK_ITM,VARCHAR,BILBLK_ITM,BILBLK_ITM
,OH_VAIT0,4000,CHAR,SALESDEAL,VARCHAR,SALESDEAL,SALESDEAL
,OH_VAIT0,4100,CHAR,STOR_LOC,VARCHAR,STOR_LOC,STOR_LOC
,OH_VAIT0,4200,CHAR,MATL_GROUP,VARCHAR,MATL_GROUP,MATL_GROUP
,OH_VAIT0,4300,CHAR,MAT_ENTRD,VARCHAR,MAT_ENTRD,MAT_ENTRD
,OH_VAIT0,4400,CHAR,MATL_GRP_1,VARCHAR,MATL_GRP_1,MATL_GRP_1
,OH_VAIT0,4500,CHAR,MATL_GRP_2,VARCHAR,MATL_GRP_2,MATL_GRP_2
,OH_VAIT0,4600,CHAR,MATL_GRP_3,VARCHAR,MATL_GRP_3,MATL_GRP_3
,OH_VAIT0,4700,CHAR,MATL_GRP_4,VARCHAR,MATL_GRP_4,MATL_GRP_4
,OH_VAIT0,4800,CHAR,MATL_GRP_5,VARCHAR,MATL_GRP_5,MATL_GRP_5
,OH_VAIT0,4900,CHAR,UNLD_PT_WE,VARCHAR,UNLD_PT_WE,UNLD_PT_WE
,OH_VAIT0,5000,CHAR,BILLTOPRTY,VARCHAR,BILLTOPRTY,BILLTOPRTY
,OH_VAIT0,5100,CHAR,PAYER,VARCHAR,PAYER,PAYER
,OH_VAIT0,5200,CHAR,/BIC/ZFDEST,VARCHAR,/BIC/ZFDEST,/BIC/ZFDEST
,OH_VAIT0,5300,NUMC,HG_LV_ITEM,VARCHAR,HG_LV_ITEM,HG_LV_ITEM
,OH_VAIT0,5400,CHAR,SHIP_TO,VARCHAR,SHIP_TO,SHIP_TO
,OH_VAIT0,5500,CHAR,PROD_HIER,VARCHAR,PROD_HIER,PROD_HIER
,OH_VAIT0,5600,CHAR,FORWAGENT,VARCHAR,FORWAGENT,FORWAGENT
,OH_VAIT0,5700,CHAR,ITEM_CATEG,VARCHAR,ITEM_CATEG,ITEM_CATEG
,OH_VAIT0,5800,NUMC,SALESEMPLY,VARCHAR,SALESEMPLY,SALESEMPLY
,OH_VAIT0,5900,CHAR,ROUTE,VARCHAR,ROUTE,ROUTE
,OH_VAIT0,6000,CHAR,SHIP_STCK,VARCHAR,SHIP_STCK,SHIP_STCK
,OH_VAIT0,6100,CHAR,DIVISION,VARCHAR,DIVISION,DIVISION
,OH_VAIT0,6200,DATS,STAT_DATE,VARCHAR,STAT_DATE,STAT_DATE
,OH_VAIT0,6300,CHAR,BND_IND,VARCHAR,BND_IND,BND_IND
,OH_VAIT0,6400,DATS,ST_UP_DTE,VARCHAR,ST_UP_DTE,ST_UP_DTE
,OH_VAIT0,6500,CHAR,PRVDOC_CTG,VARCHAR,PRVDOC_CTG,PRVDOC_CTG
,OH_VAIT0,6600,CHAR,SHIP_POINT,VARCHAR,SHIP_POINT,SHIP_POINT
,OH_VAIT0,6700,CHAR,PLANT,VARCHAR,PLANT,PLANT
,OH_VAIT0,6800,CHAR,SALES_DIST,VARCHAR,SALES_DIST,SALES_DIST
,OH_VAIT0,6900,DATS,SERV_DATE,VARCHAR,SERV_DATE,SERV_DATE
,OH_VAIT0,7000,DATS,BILL_DATE,VARCHAR,BILL_DATE,BILL_DATE
,OH_VAIT0,7100,CHAR,INCOTERMS,VARCHAR,INCOTERMS,INCOTERMS
,OH_VAIT0,7200,CHAR,INCOTERMS2,VARCHAR,INCOTERMS2,INCOTERMS2
,OH_VAIT0,7300,CHAR,CUST_GROUP,VARCHAR,CUST_GROUP,CUST_GROUP
,OH_VAIT0,7400,CHAR,ACCNT_ASGN,VARCHAR,ACCNT_ASGN,ACCNT_ASGN
,OH_VAIT0,7500,DATS,TRANS_DATE,VARCHAR,TRANS_DATE,TRANS_DATE
,OH_VAIT0,7600,DATS,PRICE_DATE,VARCHAR,PRICE_DATE,PRICE_DATE
,OH_VAIT0,7700,CHAR,RT_PROMO,VARCHAR,RT_PROMO,RT_PROMO
,OH_VAIT0,7800,CHAR,PRODCAT,VARCHAR,PRODCAT,PRODCAT
,OH_VAIT0,7900,CHAR,DIV_HEAD,VARCHAR,DIV_HEAD,DIV_HEAD
,OH_VAIT0,8000,CHAR,DOC_CATEGR,VARCHAR,DOC_CATEGR,DOC_CATEGR
,OH_VAIT0,8100,CHAR,WBS_ELEMT,VARCHAR,WBS_ELEMT,WBS_ELEMT
,OH_VAIT0,8200,NUMC,COND_PR_UN,VARCHAR,COND_PR_UN,COND_PR_UN
,OH_VAIT0,8300,CHAR,SUB_REASON,VARCHAR,SUB_REASON,SUB_REASON
,OH_VAIT0,8400,CHAR,MATERIAL,VARCHAR,MATERIAL,MATERIAL
,OH_VAIT0,8500,CHAR,MAT_SALES,VARCHAR,MAT_SALES,MAT_SALES
,OH_VAIT0,8600,CHAR,MAT_PLANT,VARCHAR,MAT_PLANT,MAT_PLANT
,OH_VAIT0,8700,CHAR,REFER_DOC,VARCHAR,REFER_DOC,REFER_DOC
,OH_VAIT0,8800,NUMC,REFER_ITM,VARCHAR,REFER_ITM,REFER_ITM
,OH_VAIT0,8900,CHAR,APOPLANNED,VARCHAR,APOPLANNED,APOPLANNED
,OH_VAIT0,9000,CHAR,/BIC/ANTLF,VARCHAR,/BIC/ANTLF,/BIC/ANTLF
,OH_VAIT0,9100,CHAR,/BIC/KZTLF,VARCHAR,/BIC/KZTLF,/BIC/KZTLF
,OH_VAIT0,9200,CHAR,PROMOTION,VARCHAR,PROMOTION,PROMOTION
,OH_VAIT0,9300,CHAR,PROFIT_CTR,VARCHAR,PROFIT_CTR,PROFIT_CTR
,OH_VAIT0,9400,CHAR,CO_AREA,VARCHAR,CO_AREA,CO_AREA
,OH_VAIT0,9500,CHAR,DLV_STSO,VARCHAR,DLV_STSO,DLV_STSO
,OH_VAIT0,9600,CHAR,DLV_STS,VARCHAR,DLV_STS,DLV_STS
,OH_VAIT0,9700,CHAR,GI_STS,VARCHAR,GI_STS,GI_STS
,OH_VAIT0,9800,CHAR,LW_GISTS,VARCHAR,LW_GISTS,LW_GISTS
,OH_VAIT0,9900,DATS,DSDEL_DATE,VARCHAR,DSDEL_DATE,DSDEL_DATE
,OH_VAIT0,10000,TIMS,DSDEL_TIME,VARCHAR,DSDEL_TIME,DSDEL_TIME
,OH_VAIT0,10100,DATS,CONF_DATE,VARCHAR,CONF_DATE,CONF_DATE
,OH_VAIT0,10200,TIMS,CONF_TIME,VARCHAR,CONF_TIME,CONF_TIME
,OH_VAIT0,10300,DATS,PLD_GI_DTE,VARCHAR,PLD_GI_DTE,PLD_GI_DTE
,OH_VAIT0,10400,DATS,ACT_GI_DTE,VARCHAR,ACT_GI_DTE,ACT_GI_DTE
,OH_VAIT0,10500,DATS,LST_A_GD,VARCHAR,LST_A_GD,LST_A_GD
,OH_VAIT0,10600,DATS,ACT_DL_DTE,VARCHAR,ACT_DL_DTE,ACT_DL_DTE
,OH_VAIT0,10700,TIMS,ACT_DL_TME,VARCHAR,ACT_DL_TME,ACT_DL_TME
,OH_VAIT0,10800,DATS,LST_A_DD,VARCHAR,LST_A_DD,LST_A_DD
,OH_VAIT0,10900,TIMS,LST_A_DT,VARCHAR,LST_A_DT,LST_A_DT
,OH_VAIT0,11000,CHAR,DLV_BLOCKD,VARCHAR,DLV_BLOCKD,DLV_BLOCKD
,OH_VAIT0,11100,CHAR,SCHED_DEL,VARCHAR,SCHED_DEL,SCHED_DEL
,OH_VAIT0,11200,CHAR,REC_DELETD,VARCHAR,REC_DELETD,REC_DELETD
,OH_VAIT0,11300,CHAR,LOGSYS,VARCHAR,LOGSYS,LOGSYS
,OH_VAIT0,11400,UNIT,UNIT_OF_WT,VARCHAR,UNIT_OF_WT,UNIT_OF_WT
,OH_VAIT0,11500,UNIT,SALES_UNIT,VARCHAR,SALES_UNIT,SALES_UNIT
,OH_VAIT0,11600,UNIT,BASE_UOM,VARCHAR,BASE_UOM,BASE_UOM
,OH_VAIT0,11700,CUKY,DOC_CURRCY,VARCHAR,DOC_CURRCY,DOC_CURRCY
,OH_VAIT0,11800,UNIT,VOLUMEUNIT,VARCHAR,VOLUMEUNIT,VOLUMEUNIT
,OH_VAIT0,11900,UNIT,TARGET_QU,VARCHAR,TARGET_QU,TARGET_QU
,OH_VAIT0,12000,CUKY,LOC_CURRCY,VARCHAR,LOC_CURRCY,LOC_CURRCY
,OH_VAIT0,12100,CHAR,SHIP_COND,VARCHAR,SHIP_COND,SHIP_COND
,OH_VAIT0,12200,CHAR,/BIC/PO_TYPE,VARCHAR,/BIC/PO_TYPE,/BIC/PO_TYPE
,OH_VAIT0,12300,CHAR,/BIC/ZVEBLV,VARCHAR,/BIC/ZVEBLV,/BIC/ZVEBLV
,OH_VAIT0,12400,CHAR,/BIC/ERNAMO,VARCHAR,/BIC/ERNAMO,/BIC/ERNAMO
,OH_VAIT0,12500,CHAR,/BIC/COMPL_INV,VARCHAR,/BIC/COMPL_INV,/BIC/COMPL_INV
,OH_VAIT0,12600,CUKY,CURRENCY,VARCHAR,CURRENCY,CURRENCY
,OH_VAIT0,12700,CHAR,/BIC/SCALE_IND,VARCHAR,/BIC/SCALE_IND,/BIC/SCALE_IND
,OH_VAIT0,12800,CHAR,/BIC/SCALE_LVL,VARCHAR,/BIC/SCALE_LVL,/BIC/SCALE_LVL
,OH_VAIT0,12900,CHAR,CUSTOMER,VARCHAR,CUSTOMER,CUSTOMER
,OH_VAIT0,13000,CHAR,CUST_SALES,VARCHAR,CUST_SALES,CUST_SALES
,OH_VAIT0,13100,QUAN,GROSS_WGT,VARCHAR,GROSS_WGT,GROSS_WGT
,OH_VAIT0,13200,FLTP,EXCHG_CRD,VARCHAR,EXCHG_CRD,EXCHG_CRD
,OH_VAIT0,13300,QUAN,CML_CF_QTY,VARCHAR,CML_CF_QTY,CML_CF_QTY
,OH_VAIT0,13400,QUAN,CML_CD_QTY,VARCHAR,CML_CD_QTY,CML_CD_QTY
,OH_VAIT0,13500,QUAN,CML_OR_QTY,VARCHAR,CML_OR_QTY,CML_OR_QTY
,OH_VAIT0,13600,CURR,SUBTOTAL_1,VARCHAR,SUBTOTAL_1,SUBTOTAL_1
,OH_VAIT0,13700,CURR,SUBTOTAL_2,VARCHAR,SUBTOTAL_2,SUBTOTAL_2
,OH_VAIT0,13800,CURR,SUBTOTAL_3,VARCHAR,SUBTOTAL_3,SUBTOTAL_3
,OH_VAIT0,13900,CURR,SUBTOTAL_4,VARCHAR,SUBTOTAL_4,SUBTOTAL_4
,OH_VAIT0,14000,CURR,SUBTOTAL_5,VARCHAR,SUBTOTAL_5,SUBTOTAL_5
,OH_VAIT0,14100,CURR,SUBTOTAL_6,VARCHAR,SUBTOTAL_6,SUBTOTAL_6
,OH_VAIT0,14200,QUAN,MIN_DL_QTY,VARCHAR,MIN_DL_QTY,MIN_DL_QTY
,OH_VAIT0,14300,QUAN,REQDEL_QTY,VARCHAR,REQDEL_QTY,REQDEL_QTY
,OH_VAIT0,14400,CURR,NET_PRICE,VARCHAR,NET_PRICE,NET_PRICE
,OH_VAIT0,14500,CURR,NET_VALUE,VARCHAR,NET_VALUE,NET_VALUE
,OH_VAIT0,14600,QUAN,NET_WT_AP,VARCHAR,NET_WT_AP,NET_WT_AP
,OH_VAIT0,14700,FLTP,EXCHG_STAT,VARCHAR,EXCHG_STAT,EXCHG_STAT
,OH_VAIT0,14800,DEC,UPPR_BND,VARCHAR,UPPR_BND,UPPR_BND
,OH_VAIT0,14900,DEC,DENOMINTR,VARCHAR,DENOMINTR,DENOMINTR
,OH_VAIT0,15000,DEC,NUMERATOR,VARCHAR,NUMERATOR,NUMERATOR
,OH_VAIT0,15100,DEC,DENOMINTRZ,VARCHAR,DENOMINTRZ,DENOMINTRZ
,OH_VAIT0,15200,DEC,NUMERATORZ,VARCHAR,NUMERATORZ,NUMERATORZ
,OH_VAIT0,15300,DEC,LOWR_BND,VARCHAR,LOWR_BND,LOWR_BND
,OH_VAIT0,15400,QUAN,VOLUME_AP,VARCHAR,VOLUME_AP,VOLUME_AP
,OH_VAIT0,15500,CURR,COST,VARCHAR,COST,COST
,OH_VAIT0,15600,QUAN,TARGET_QTY,VARCHAR,TARGET_QTY,TARGET_QTY
,OH_VAIT0,15700,CURR,TARG_VALUE,VARCHAR,TARG_VALUE,TARG_VALUE
,OH_VAIT0,15800,FLTP,EXCHG_RATE,VARCHAR,EXCHG_RATE,EXCHG_RATE
,OH_VAIT0,15900,DEC,ORD_ITEMS,VARCHAR,ORD_ITEMS,ORD_ITEMS
,OH_VAIT0,16000,CURR,TAX_VALUE,VARCHAR,TAX_VALUE,TAX_VALUE
,OH_VAIT0,16100,CURR,NETPR_VKM,VARCHAR,NETPR_VKM,NETPR_VKM
,OH_VAIT0,16200,QUAN,REQU_QTY,VARCHAR,REQU_QTY,REQU_QTY
,OH_VAIT0,16300,QUAN,CONF_QTY,VARCHAR,CONF_QTY,CONF_QTY
,OH_VAIT0,16400,QUAN,DLV_QTY,VARCHAR,DLV_QTY,DLV_QTY
,OH_VAIT0,16500,QUAN,/BIC/OPSALQTY,VARCHAR,/BIC/OPSALQTY,/BIC/OPSALQTY
,OH_VAIT0,16600,DEC,/BIC/DLV_QTYBU,VARCHAR,/BIC/DLV_QTYBU,/BIC/DLV_QTYBU
,OH_VAIT0,16700,CURR,PRICE_MAT,VARCHAR,PRICE_MAT,PRICE_MAT
,OH_VAIT0,16800,CURR,/BIC/SC_VAL_BU,VARCHAR,/BIC/SC_VAL_BU,/BIC/SC_VAL_BU
,OH_VSSL5,100,CHAR,DOC_NUMBER,VARCHAR,DOC_NUMBER,DOC_NUMBER
,OH_VSSL5,200,NUMC,S_ORD_ITEM,VARCHAR,S_ORD_ITEM,S_ORD_ITEM
,OH_VSSL5,300,CHAR,RECORDMODE,VARCHAR,RECORDMODE,RECORDMODE
,OH_VSSL5,400,DATS,CALDAY,VARCHAR,CALDAY,CALDAY
,OH_VSSL5,500,NUMC,CALMONTH,VARCHAR,CALMONTH,CALMONTH
,OH_VSSL5,600,NUMC,CALQUART1,VARCHAR,CALQUART1,CALQUART1
,OH_VSSL5,700,NUMC,CALQUARTER,VARCHAR,CALQUARTER,CALQUARTER
,OH_VSSL5,800,NUMC,CALWEEK,VARCHAR,CALWEEK,CALWEEK
,OH_VSSL5,900,NUMC,CALYEAR,VARCHAR,CALYEAR,CALYEAR
,OH_VSSL5,1000,NUMC,FISCPER,VARCHAR,FISCPER,FISCPER
,OH_VSSL5,1100,CHAR,FISCVARNT,VARCHAR,FISCVARNT,FISCVARNT
,OH_VSSL5,1200,NUMC,FISCYEAR,VARCHAR,FISCYEAR,FISCYEAR
,OH_VSSL5,1300,NUMC,FISCPER3,VARCHAR,FISCPER3,FISCPER3
,OH_VSSL5,1400,NUMC,CALMONTH2,VARCHAR,CALMONTH2,CALMONTH2
,OH_VSSL5,1500,NUMC,/BIC/CALMON445,VARCHAR,/BIC/CALMON445,/BIC/CALMON445
,OH_VSSL5,1600,CHAR,/BIC/CALMN2445,VARCHAR,/BIC/CALMN2445,/BIC/CALMN2445
,OH_VSSL5,1700,CHAR,/BIC/CALYR445,VARCHAR,/BIC/CALYR445,/BIC/CALYR445
,OH_VSSL5,1800,UNIT,BASE_UOM,VARCHAR,BASE_UOM,BASE_UOM
,OH_VSSL5,1900,CUKY,DOC_CURRCY,VARCHAR,DOC_CURRCY,DOC_CURRCY
,OH_VSSL5,2000,CUKY,LOC_CURRCY,VARCHAR,LOC_CURRCY,LOC_CURRCY
,OH_VSSL5,2100,UNIT,SALES_UNIT,VARCHAR,SALES_UNIT,SALES_UNIT
,OH_VSSL5,2200,UNIT,TARGET_QU,VARCHAR,TARGET_QU,TARGET_QU
,OH_VSSL5,2300,UNIT,UNIT_OF_WT,VARCHAR,UNIT_OF_WT,UNIT_OF_WT
,OH_VSSL5,2400,UNIT,VOLUMEUNIT,VARCHAR,VOLUMEUNIT,VOLUMEUNIT
,OH_VSSL5,2500,CHAR,COMP_CODE,VARCHAR,COMP_CODE,COMP_CODE
,OH_VSSL5,2600,CHAR,DISTR_CHAN,VARCHAR,DISTR_CHAN,DISTR_CHAN
,OH_VSSL5,2700,CHAR,PLANT,VARCHAR,PLANT,PLANT
,OH_VSSL5,2800,CHAR,SALESORG,VARCHAR,SALESORG,SALESORG
,OH_VSSL5,2900,CHAR,SALES_DIST,VARCHAR,SALES_DIST,SALES_DIST
,OH_VSSL5,3000,CHAR,SALES_GRP,VARCHAR,SALES_GRP,SALES_GRP
,OH_VSSL5,3100,CHAR,SALES_OFF,VARCHAR,SALES_OFF,SALES_OFF
,OH_VSSL5,3200,CHAR,BILLTOPRTY,VARCHAR,BILLTOPRTY,BILLTOPRTY
,OH_VSSL5,3300,CHAR,PAYER,VARCHAR,PAYER,PAYER
,OH_VSSL5,3400,CHAR,SHIP_TO,VARCHAR,SHIP_TO,SHIP_TO
,OH_VSSL5,3500,CHAR,/BIC/SHIPSALES,VARCHAR,/BIC/SHIPSALES,/BIC/SHIPSALES
,OH_VSSL5,3600,CHAR,/BIC/ZFDEST,VARCHAR,/BIC/ZFDEST,/BIC/ZFDEST
,OH_VSSL5,3700,CHAR,ACCNT_ASGN,VARCHAR,ACCNT_ASGN,ACCNT_ASGN
,OH_VSSL5,3800,CHAR,CUSTOMER,VARCHAR,CUSTOMER,CUSTOMER
,OH_VSSL5,3900,CHAR,CUST_GRP1,VARCHAR,CUST_GRP1,CUST_GRP1
,OH_VSSL5,4000,CHAR,CUST_GRP2,VARCHAR,CUST_GRP2,CUST_GRP2
,OH_VSSL5,4100,CHAR,CUST_GRP3,VARCHAR,CUST_GRP3,CUST_GRP3
,OH_VSSL5,4200,CHAR,CUST_GRP4,VARCHAR,CUST_GRP4,CUST_GRP4
,OH_VSSL5,4300,CHAR,CUST_GRP5,VARCHAR,CUST_GRP5,CUST_GRP5
,OH_VSSL5,4400,CHAR,CUST_SALES,VARCHAR,CUST_SALES,CUST_SALES
,OH_VSSL5,4500,CHAR,DIVISION,VARCHAR,DIVISION,DIVISION
,OH_VSSL5,4600,NUMC,SALESEMPLY,VARCHAR,SALESEMPLY,SALESEMPLY
,OH_VSSL5,4700,CHAR,DLV_STSO,VARCHAR,DLV_STSO,DLV_STSO
,OH_VSSL5,4800,CHAR,/BIC/CSLLO,VARCHAR,/BIC/CSLLO,/BIC/CSLLO
,OH_VSSL5,4900,CHAR,/BIC/CSLLT,VARCHAR,/BIC/CSLLT,/BIC/CSLLT
,OH_VSSL5,5000,CHAR,/BIC/MS_STS,VARCHAR,/BIC/MS_STS,/BIC/MS_STS
,OH_VSSL5,5100,CHAR,GI_STS,VARCHAR,GI_STS,GI_STS
,OH_VSSL5,5200,CHAR,/BIC/COMPL_INV,VARCHAR,/BIC/COMPL_INV,/BIC/COMPL_INV
,OH_VSSL5,5300,CHAR,/BIC/FULLDEL,VARCHAR,/BIC/FULLDEL,/BIC/FULLDEL
,OH_VSSL5,5400,CHAR,REC_DELETD,VARCHAR,REC_DELETD,REC_DELETD
,OH_VSSL5,5500,CHAR,/BIC/DELVARWK1,VARCHAR,/BIC/DELVARWK1,/BIC/DELVARWK1
,OH_VSSL5,5600,CHAR,/BIC/DELVARWK,VARCHAR,/BIC/DELVARWK,/BIC/DELVARWK
,OH_VSSL5,5700,CHAR,CREATEDBY,VARCHAR,CREATEDBY,CREATEDBY
,OH_VSSL5,5800,CHAR,DOC_CATEG,VARCHAR,DOC_CATEG,DOC_CATEG
,OH_VSSL5,5900,CHAR,DOC_TYPE,VARCHAR,DOC_TYPE,DOC_TYPE
,OH_VSSL5,6000,CHAR,ITEM_CATEG,VARCHAR,ITEM_CATEG,ITEM_CATEG
,OH_VSSL5,6100,CHAR,ORD_REASON,VARCHAR,ORD_REASON,ORD_REASON
,OH_VSSL5,6200,CHAR,REASON_REJ,VARCHAR,REASON_REJ,REASON_REJ
,OH_VSSL5,6300,CHAR,SHIP_COND,VARCHAR,SHIP_COND,SHIP_COND
,OH_VSSL5,6400,CHAR,/BIC/PO_TYPE,VARCHAR,/BIC/PO_TYPE,/BIC/PO_TYPE
,OH_VSSL5,6500,CHAR,PRVDOC_CTG,VARCHAR,PRVDOC_CTG,PRVDOC_CTG
,OH_VSSL5,6600,CHAR,FORWAGENT,VARCHAR,FORWAGENT,FORWAGENT
,OH_VSSL5,6700,CHAR,ROUTE,VARCHAR,ROUTE,ROUTE
,OH_VSSL5,6800,CHAR,STOR_LOC,VARCHAR,STOR_LOC,STOR_LOC
,OH_VSSL5,6900,CHAR,UNLD_PT_WE,VARCHAR,UNLD_PT_WE,UNLD_PT_WE
,OH_VSSL5,7000,CHAR,MATERIAL,VARCHAR,MATERIAL,MATERIAL
,OH_VSSL5,7100,CHAR,MATL_GROUP,VARCHAR,MATL_GROUP,MATL_GROUP
,OH_VSSL5,7200,CHAR,MATL_GRP_1,VARCHAR,MATL_GRP_1,MATL_GRP_1
,OH_VSSL5,7300,CHAR,MATL_GRP_2,VARCHAR,MATL_GRP_2,MATL_GRP_2
,OH_VSSL5,7400,CHAR,MATL_GRP_3,VARCHAR,MATL_GRP_3,MATL_GRP_3
,OH_VSSL5,7500,CHAR,MATL_GRP_4,VARCHAR,MATL_GRP_4,MATL_GRP_4
,OH_VSSL5,7600,CHAR,MATL_GRP_5,VARCHAR,MATL_GRP_5,MATL_GRP_5
,OH_VSSL5,7700,CHAR,MAT_PLANT,VARCHAR,MAT_PLANT,MAT_PLANT
,OH_VSSL5,7800,CHAR,MAT_SALES,VARCHAR,MAT_SALES,MAT_SALES
,OH_VSSL5,7900,CHAR,/BIC/BOMX,VARCHAR,/BIC/BOMX,/BIC/BOMX
,OH_VSSL5,8000,CHAR,PROMOTION,VARCHAR,PROMOTION,PROMOTION
,OH_VSSL5,8100,CHAR,SALESDEAL,VARCHAR,SALESDEAL,SALESDEAL
,OH_VSSL5,8200,CHAR,/BIC/PROMO_IDC,VARCHAR,/BIC/PROMO_IDC,/BIC/PROMO_IDC
,OH_VSSL5,8300,CHAR,/BIC/MAT_PROMO,VARCHAR,/BIC/MAT_PROMO,/BIC/MAT_PROMO
,OH_VSSL5,8400,NUMC,HG_LV_ITEM,VARCHAR,HG_LV_ITEM,HG_LV_ITEM
,OH_VSSL5,8500,CHAR,CO_AREA,VARCHAR,CO_AREA,CO_AREA
,OH_VSSL5,8600,CHAR,PROFIT_CTR,VARCHAR,PROFIT_CTR,PROFIT_CTR
,OH_VSSL5,8700,DATS,CREATEDON,VARCHAR,CREATEDON,CREATEDON
,OH_VSSL5,8800,DATS,DSDEL_DATE,VARCHAR,DSDEL_DATE,DSDEL_DATE
,OH_VSSL5,8900,CHAR,/BIC/ZCALDAY,VARCHAR,/BIC/ZCALDAY,/BIC/ZCALDAY
,OH_VSSL5,9000,CHAR,/BIC/WEEKNUM,VARCHAR,/BIC/WEEKNUM,/BIC/WEEKNUM
,OH_VSSL5,9100,QUAN,CML_CD_QTY,VARCHAR,CML_CD_QTY,CML_CD_QTY
,OH_VSSL5,9200,QUAN,CML_CF_QTY,VARCHAR,CML_CF_QTY,CML_CF_QTY
,OH_VSSL5,9300,QUAN,CML_OR_QTY,VARCHAR,CML_OR_QTY,CML_OR_QTY
,OH_VSSL5,9400,QUAN,CONF_QTY,VARCHAR,CONF_QTY,CONF_QTY
,OH_VSSL5,9500,CURR,COST,VARCHAR,COST,COST
,OH_VSSL5,9600,DEC,DENOMINTR,VARCHAR,DENOMINTR,DENOMINTR
,OH_VSSL5,9700,DEC,DENOMINTRZ,VARCHAR,DENOMINTRZ,DENOMINTRZ
,OH_VSSL5,9800,FLTP,EXCHG_CRD,VARCHAR,EXCHG_CRD,EXCHG_CRD
,OH_VSSL5,9900,FLTP,EXCHG_RATE,VARCHAR,EXCHG_RATE,EXCHG_RATE
,OH_VSSL5,10000,FLTP,EXCHG_STAT,VARCHAR,EXCHG_STAT,EXCHG_STAT
,OH_VSSL5,10100,QUAN,GROSS_WGT,VARCHAR,GROSS_WGT,GROSS_WGT
,OH_VSSL5,10200,DEC,LOWR_BND,VARCHAR,LOWR_BND,LOWR_BND
,OH_VSSL5,10300,QUAN,MIN_DL_QTY,VARCHAR,MIN_DL_QTY,MIN_DL_QTY
,OH_VSSL5,10400,CURR,NETPR_VKM,VARCHAR,NETPR_VKM,NETPR_VKM
,OH_VSSL5,10500,CURR,NET_PRICE,VARCHAR,NET_PRICE,NET_PRICE
,OH_VSSL5,10600,CURR,NET_VALUE,VARCHAR,NET_VALUE,NET_VALUE
,OH_VSSL5,10700,QUAN,NET_WT_AP,VARCHAR,NET_WT_AP,NET_WT_AP
,OH_VSSL5,10800,DEC,NUMERATOR,VARCHAR,NUMERATOR,NUMERATOR
,OH_VSSL5,10900,DEC,NUMERATORZ,VARCHAR,NUMERATORZ,NUMERATORZ
,OH_VSSL5,11000,DEC,ORD_ITEMS,VARCHAR,ORD_ITEMS,ORD_ITEMS
,OH_VSSL5,11100,QUAN,REQDEL_QTY,VARCHAR,REQDEL_QTY,REQDEL_QTY
,OH_VSSL5,11200,QUAN,REQU_QTY,VARCHAR,REQU_QTY,REQU_QTY
,OH_VSSL5,11300,CURR,SUBTOTAL_1,VARCHAR,SUBTOTAL_1,SUBTOTAL_1
,OH_VSSL5,11400,CURR,SUBTOTAL_2,VARCHAR,SUBTOTAL_2,SUBTOTAL_2
,OH_VSSL5,11500,CURR,SUBTOTAL_3,VARCHAR,SUBTOTAL_3,SUBTOTAL_3
,OH_VSSL5,11600,CURR,SUBTOTAL_4,VARCHAR,SUBTOTAL_4,SUBTOTAL_4
,OH_VSSL5,11700,CURR,SUBTOTAL_5,VARCHAR,SUBTOTAL_5,SUBTOTAL_5
,OH_VSSL5,11800,CURR,SUBTOTAL_6,VARCHAR,SUBTOTAL_6,SUBTOTAL_6
,OH_VSSL5,11900,QUAN,TARGET_QTY,VARCHAR,TARGET_QTY,TARGET_QTY
,OH_VSSL5,12000,CURR,TARG_VALUE,VARCHAR,TARG_VALUE,TARG_VALUE
,OH_VSSL5,12100,CURR,TAX_VALUE,VARCHAR,TAX_VALUE,TAX_VALUE
,OH_VSSL5,12200,DEC,UPPR_BND,VARCHAR,UPPR_BND,UPPR_BND
,OH_VSSL5,12300,QUAN,VOLUME_AP,VARCHAR,VOLUME_AP,VOLUME_AP
,OH_VSSL5,12400,CURR,/BIC/COSTPRDEL,VARCHAR,/BIC/COSTPRDEL,/BIC/COSTPRDEL
,OH_VSSL5,12500,QUAN,/BIC/DLV_QTY,VARCHAR,/BIC/DLV_QTY,/BIC/DLV_QTY
,OH_VSSL5,12600,DEC,/BIC/DLV_QTYBU,VARCHAR,/BIC/DLV_QTYBU,/BIC/DLV_QTYBU
,OH_VSSL5,12700,CURR,/BIC/DVSUBT3DC,VARCHAR,/BIC/DVSUBT3DC,/BIC/DVSUBT3DC
,OH_VSSL5,12800,CURR,/BIC/DVSUBT3LC,VARCHAR,/BIC/DVSUBT3LC,/BIC/DVSUBT3LC
,OH_VSSL5,12900,CURR,/BIC/INVSMSDC,VARCHAR,/BIC/INVSMSDC,/BIC/INVSMSDC
,OH_VSSL5,13000,CURR,/BIC/INVSMSLC,VARCHAR,/BIC/INVSMSLC,/BIC/INVSMSLC
,OH_VSSL5,13100,QUAN,/BIC/MSQTBUO,VARCHAR,/BIC/MSQTBUO,/BIC/MSQTBUO
,OH_VSSL5,13200,QUAN,/BIC/MSQTYOU,VARCHAR,/BIC/MSQTYOU,/BIC/MSQTYOU
,OH_VSSL5,13300,CURR,/BIC/NETVALUE,VARCHAR,/BIC/NETVALUE,/BIC/NETVALUE
,OH_VSSL5,13400,CURR,/BIC/NVALMSDC,VARCHAR,/BIC/NVALMSDC,/BIC/NVALMSDC
,OH_VSSL5,13500,CURR,/BIC/NVALMSLC,VARCHAR,/BIC/NVALMSLC,/BIC/NVALMSLC
,OH_VSSL5,13600,QUAN,/BIC/OPSALQTY,VARCHAR,/BIC/OPSALQTY,/BIC/OPSALQTY
,OH_VSSL5,13700,CURR,/BIC/SUBTOTAL3,VARCHAR,/BIC/SUBTOTAL3,/BIC/SUBTOTAL3
,OH_VSSL5,13800,QUAN,/BIC/ORQTYBUOM,VARCHAR,/BIC/ORQTYBUOM,/BIC/ORQTYBUOM
,OH_VSSL5,13900,QUAN,/BIC/DLVQTYBU,VARCHAR,/BIC/DLVQTYBU,/BIC/DLVQTYBU
,OH_VSSL5,14000,DEC,/BIC/REQ_DEVTN,VARCHAR,/BIC/REQ_DEVTN,/BIC/REQ_DEVTN
,OH_VSSL5,14100,DEC,/BIC/DEL_DEVTN,VARCHAR,/BIC/DEL_DEVTN,/BIC/DEL_DEVTN
,PPMOEE6,100,CHAR,PLANT,VARCHAR,PLANT,PLANT
,PPMOEE6,200,CHAR,PRODORDER,VARCHAR,PRODORDER,PRODORDER
,PPMOEE6,300,CHAR,MATERIAL,VARCHAR,MATERIAL,MATERIAL
,PPMOEE6,400,CHAR,RECORDMODE,VARCHAR,RECORDMODE,RECORDMODE
,PPMOEE6,500,UNIT,OPER_UNIT,VARCHAR,OPER_UNIT,OPER_UNIT
,PPMOEE6,600,QUAN,/BIC/PLN_DWN_T,VARCHAR,/BIC/PLN_DWN_T,/BIC/PLN_DWN_T
,PPMOEE6,700,QUAN,/BIC/ACT_RUN_T,VARCHAR,/BIC/ACT_RUN_T,/BIC/ACT_RUN_T
,PPMOEE6,800,QUAN,/BIC/M_DWN_TIM,VARCHAR,/BIC/M_DWN_TIM,/BIC/M_DWN_TIM
,PPMOEE6,900,QUAN,/BIC/UNPL_DWNT,VARCHAR,/BIC/UNPL_DWNT,/BIC/UNPL_DWNT
,PPMOEE6,1000,DATS,ACT_START_DATE,VARCHAR,ACT_START_DATE,ACT_START_DATE
,PPMOEE6,1100,TIMS,ACT_START_TIME,VARCHAR,ACT_START_TIME,ACT_START_TIME
,PPMOEE6,1200,DATS,ACT_END_DATE,VARCHAR,ACT_END_DATE,ACT_END_DATE
,PPMOEE6,1300,TIMS,ACT_END_TIME,VARCHAR,ACT_END_TIME,ACT_END_TIME
,SDMOHDM01,100,CHAR,MATERIAL,VARCHAR,MATERIAL,MATERIAL
,SDMOHDM01,200,CHAR,PLANT,VARCHAR,PLANT,PLANT
,SDMOHDM01,300,NUMC,CALWEEK,VARCHAR,CALWEEK,CALWEEK
,SDMOHDM01,400,DATS,CALDAY,VARCHAR,CALDAY,CALDAY
,SDMOHDM01,500,QUAN,DLVQTYBU,VARCHAR,DLVQTYBU,DLVQTYBU
,SDMOHDM01,600,UNIT,DLV_UOM,VARCHAR,DLV_UOM,DLV_UOM
,SDMOHDM01,700,QUAN,MSQTBUO,VARCHAR,MSQTBUO,MSQTBUO
,SDMOHDM01,800,UNIT,MISSED_UOM,VARCHAR,MISSED_UOM,MISSED_UOM
,SDMOHSB01,100,CHAR,MATERIAL,VARCHAR,MATERIAL,MATERIAL
,SDMOHSB01,200,CHAR,/BIC/STLTY,VARCHAR,/BIC/STLTY,/BIC/STLTY
,SDMOHSB01,300,CHAR,/BIC/STLAL,VARCHAR,/BIC/STLAL,/BIC/STLAL
,SDMOHSB01,400,NUMC,/BIC/STLKN,VARCHAR,/BIC/STLKN,/BIC/STLKN
,SDMOHSB01,500,NUMC,/BIC/STPOZ,VARCHAR,/BIC/STPOZ,/BIC/STPOZ
,SDMOHSB01,600,CHAR,/BIC/ITEM_NO,VARCHAR,/BIC/ITEM_NO,/BIC/ITEM_NO
,SDMOHSB01,700,CHAR,/BIC/IDNRK,VARCHAR,/BIC/IDNRK,/BIC/IDNRK
,SDMOHSB01,800,CHAR,/BIC/STLAN,VARCHAR,/BIC/STLAN,/BIC/STLAN
,SDMOHSB01,900,QUAN,BOMCOMPQTY,VARCHAR,BOMCOMPQTY,BOMCOMPQTY
,SDMOHSB01,1000,UNIT,BASE_UOM,VARCHAR,BASE_UOM,BASE_UOM
,SDMOHSP01,100,CHAR,CONDTYPE,VARCHAR,CONDTYPE,CONDTYPE
,SDMOHSP01,200,CHAR,SALESORG,VARCHAR,SALESORG,SALESORG
,SDMOHSP01,300,CHAR,PLTYP,VARCHAR,PLTYP,PLTYP
,SDMOHSP01,400,CHAR,MATERIAL,VARCHAR,MATERIAL,MATERIAL
,SDMOHSP01,500,DATS,DATEFROM,VARCHAR,DATEFROM,DATEFROM
,SDMOHSP01,600,DATS,DATETO,VARCHAR,DATETO,DATETO
,SDMOHSP01,700,CURR,AMOUNT,VARCHAR,AMOUNT,AMOUNT
,SDMOHSP01,800,CUKY,CURRENCY,VARCHAR,CURRENCY,CURRENCY
,SOP_ASLS,100,CHAR,MATERIAL_CODE,VARCHAR,MATERIAL_CODE,MATERIAL_CODE
,SOP_ASLS,200,CHAR,SOLDTO_CODE,VARCHAR,SOLDTO_CODE,SOLDTO_CODE
,SOP_ASLS,300,CHAR,PLANT_CODE,VARCHAR,PLANT_CODE,PLANT_CODE
,SOP_ASLS,400,CHAR,SALESORG_CODE,VARCHAR,SALESORG_CODE,SALESORG_CODE
,SOP_ASLS,500,CHAR,PERIOD,VARCHAR,PERIOD,PERIOD
,SOP_ASLS,600,CHAR,/BIC/IS_QT_SO,VARCHAR,/BIC/IS_QT_SO,/BIC/IS_QT_SO
,SOP_ASLS,700,CHAR,/BIC/IS_QT_RET,VARCHAR,/BIC/IS_QT_RET,/BIC/IS_QT_RET
,SOP_ASLS,800,CHAR,/BIC/IS_QT_FOC,VARCHAR,/BIC/IS_QT_FOC,/BIC/IS_QT_FOC
,SOP_ASLS,900,CHAR,/BIC/IS_QT_EXC,VARCHAR,/BIC/IS_QT_EXC,/BIC/IS_QT_EXC
,SOP_ASLS,1000,CHAR,/BIC/IS_QT_DIR,VARCHAR,/BIC/IS_QT_DIR,/BIC/IS_QT_DIR
,SOP_ASLS,1100,CHAR,/BIC/IS_QT_PRO,VARCHAR,/BIC/IS_QT_PRO,/BIC/IS_QT_PRO
,SOP_ASLS,1200,CHAR,/BIC/IS_QT_IC,VARCHAR,/BIC/IS_QT_IC,/BIC/IS_QT_IC
,SOP_ASLS,1300,CHAR,/BIC/MSQTBUO,VARCHAR,/BIC/MSQTBUO,/BIC/MSQTBUO
,SOP_BOM,100,CHAR,MATERIAL,VARCHAR,MATERIAL,MATERIAL
,SOP_BOM,200,CHAR,/BIC/IDNRK,VARCHAR,/BIC/IDNRK,/BIC/IDNRK
,SOP_BOM,300,CHAR,/BIC/DATEFROM,VARCHAR,/BIC/DATEFROM,/BIC/DATEFROM
,SOP_BOM,400,CHAR,/BIC/DATETO,VARCHAR,/BIC/DATETO,/BIC/DATETO
,SOP_BOM,500,DEC,CONSUMPTION,VARCHAR,CONSUMPTION,CONSUMPTION
,SOP_CSTMR,100,CHAR,SOLDTO_CODE,VARCHAR,SOLDTO_CODE,SOLDTO_CODE
,SOP_CSTMR,200,CHAR,SOLDTO_NAME,VARCHAR,SOLDTO_NAME,SOLDTO_NAME
,SOP_CSTMR,300,CHAR,SOLDTO_SHNM,VARCHAR,SOLDTO_SHNM,SOLDTO_SHNM
,SOP_CSTMR,400,CHAR,SALESORG_CODE,VARCHAR,SALESORG_CODE,SALESORG_CODE
,SOP_CSTMR,500,CHAR,CUST_HIE04,VARCHAR,CUST_HIE04,CUST_HIE04
,SOP_CSTMR,600,CHAR,CUST_HIE04_NAME,VARCHAR,CUST_HIE04_NAME,CUST_HIE04_NAME
,SOP_CSTMR,700,CHAR,CUST_HIE04_SHNM,VARCHAR,CUST_HIE04_SHNM,CUST_HIE04_SHNM
,SOP_CSTMR,800,CHAR,CUST_HIE03,VARCHAR,CUST_HIE03,CUST_HIE03
,SOP_CSTMR,900,CHAR,CUST_HIE03_NAME,VARCHAR,CUST_HIE03_NAME,CUST_HIE03_NAME
,SOP_CSTMR,1000,CHAR,CUST_HIE03_SHNM,VARCHAR,CUST_HIE03_SHNM,CUST_HIE03_SHNM
,SOP_CSTMR,1100,CHAR,CUST_HIE02,VARCHAR,CUST_HIE02,CUST_HIE02
,SOP_CSTMR,1200,CHAR,CUST_HIE02_NAME,VARCHAR,CUST_HIE02_NAME,CUST_HIE02_NAME
,SOP_CSTMR,1300,CHAR,CUST_HIE02_SHNM,VARCHAR,CUST_HIE02_SHNM,CUST_HIE02_SHNM
,SOP_CSTMR,1400,CHAR,CUST_HIE01,VARCHAR,CUST_HIE01,CUST_HIE01
,SOP_CSTMR,1500,CHAR,CUST_HIE01_NAME,VARCHAR,CUST_HIE01_NAME,CUST_HIE01_NAME
,SOP_CSTMR,1600,CHAR,CUST_HIE01_SHNM,VARCHAR,CUST_HIE01_SHNM,CUST_HIE01_SHNM
,SOP_CSTMR,1700,CHAR,DEL_INDIC,VARCHAR,DEL_INDIC,DEL_INDIC
,SOP_MATPL,100,CHAR,MATERIAL,VARCHAR,MATERIAL,MATERIAL
,SOP_MATPL,200,CHAR,PLANT,VARCHAR,PLANT,PLANT
,SOP_MATPL,300,CHAR,MATPLANT_STAT,VARCHAR,MATPLANT_STAT,MATPLANT_STAT
,SOP_MATPL,400,CHAR,MATPLANT_STAT_NM,VARCHAR,MATPLANT_STAT_NM,MATPLANT_STAT_NM
,SOP_MATPL,500,CHAR,MATPLANT_STAT_SN,VARCHAR,MATPLANT_STAT_SN,MATPLANT_STAT_SN
,SOP_MATPL,600,CHAR,SPEC_PROCUREMENT,VARCHAR,SPEC_PROCUREMENT,SPEC_PROCUREMENT
,SOP_MATPL,700,CHAR,SPEC_PROCUR_NM,VARCHAR,SPEC_PROCUR_NM,SPEC_PROCUR_NM
,SOP_MATPL,800,CHAR,SPEC_PROCUR_SH,VARCHAR,SPEC_PROCUR_SH,SPEC_PROCUR_SH
,SOP_MATPL,900,CHAR,LVORM,VARCHAR,LVORM,LVORM
,SOP_MATPL,1000,CHAR,VALUATION_CLASS,VARCHAR,VALUATION_CLASS,VALUATION_CLASS
,SOP_MATPL,1100,CHAR,VAL_CLASS_NM,VARCHAR,VAL_CLASS_NM,VAL_CLASS_NM
,SOP_MATPL,1200,QUAN,PLND_DELRY,VARCHAR,PLND_DELRY,PLND_DELRY
,SOP_MATPL,1300,CHAR,MRP_TYPE,VARCHAR,MRP_TYPE,MRP_TYPE
,SOP_MATPL,1400,CHAR,STRAT_GROUP,VARCHAR,STRAT_GROUP,STRAT_GROUP
,SOP_MATPL,1500,CHAR,RWPRO,VARCHAR,RWPRO,RWPRO
,SOP_MATPL,1600,NUMC,SHZET,VARCHAR,SHZET,SHZET
,SOP_MATPL,1700,CHAR,SHPRO,VARCHAR,SHPRO,SHPRO
,SOP_MATR,100,CHAR,MATERIAL,VARCHAR,MATERIAL,MATERIAL
,SOP_MATR,200,CHAR,MATERIAL_NAME,VARCHAR,MATERIAL_NAME,MATERIAL_NAME
,SOP_MATR,300,CHAR,MATERIAL_SHORTNM,VARCHAR,MATERIAL_SHORTNM,MATERIAL_SHORTNM
,SOP_MATR,400,CHAR,MATL_TYPE,VARCHAR,MATL_TYPE,MATL_TYPE
,SOP_MATR,500,CHAR,MATL_TYPE_NAME,VARCHAR,MATL_TYPE_NAME,MATL_TYPE_NAME
,SOP_MATR,600,CHAR,MATL_TYPE_SHORTN,VARCHAR,MATL_TYPE_SHORTN,MATL_TYPE_SHORTN
,SOP_MATR,700,CHAR,MTPOS_MARA,VARCHAR,MTPOS_MARA,MTPOS_MARA
,SOP_MATR,800,CHAR,MTPOS_MARA_NAME,VARCHAR,MTPOS_MARA_NAME,MTPOS_MARA_NAME
,SOP_MATR,900,CHAR,MTPOS_MARA_SHNM,VARCHAR,MTPOS_MARA_SHNM,MTPOS_MARA_SHNM
,SOP_MATR,1000,CHAR,MATL_GROUP,VARCHAR,MATL_GROUP,MATL_GROUP
,SOP_MATR,1100,CHAR,MATL_GROUP_NAME,VARCHAR,MATL_GROUP_NAME,MATL_GROUP_NAME
,SOP_MATR,1200,CHAR,MATL_GROUP_SHNM,VARCHAR,MATL_GROUP_SHNM,MATL_GROUP_SHNM
,SOP_MATR,1300,UNIT,BASE_UOM,VARCHAR,BASE_UOM,BASE_UOM
,SOP_MATR,1400,CHAR,BASE_UOM_DESC,VARCHAR,BASE_UOM_DESC,BASE_UOM_DESC
,SOP_MATR,1500,DEC,CONV_PAL,VARCHAR,CONV_PAL,CONV_PAL
,SOP_MATR,1600,DEC,CONV_CCG,VARCHAR,CONV_CCG,CONV_CCG
,SOP_MATR,1700,DEC,CONV_LAY,VARCHAR,CONV_LAY,CONV_LAY
,SOP_MATR,1800,DEC,CONV_CASE,VARCHAR,CONV_CASE,CONV_CASE
,SOP_MATR,1900,DEC,CONV_PACK,VARCHAR,CONV_PACK,CONV_PACK
,SOP_MATR,2000,DEC,CONV_LITER,VARCHAR,CONV_LITER,CONV_LITER
,SOP_MATR,2100,DEC,CONV_KG,VARCHAR,CONV_KG,CONV_KG
,SOP_MATR,2200,DEC,CONV_DISP,VARCHAR,CONV_DISP,CONV_DISP
,SOP_MATR,2300,DEC,CONV_PCE,VARCHAR,CONV_PCE,CONV_PCE
,SOP_MATR,2400,DEC,CONV_EACH,VARCHAR,CONV_EACH,CONV_EACH
,SOP_MATR,2500,CHAR,PRDH1,VARCHAR,PRDH1,PRDH1
,SOP_MATR,2600,CHAR,PRDH1_DESC,VARCHAR,PRDH1_DESC,PRDH1_DESC
,SOP_MATR,2700,CHAR,PRDH2,VARCHAR,PRDH2,PRDH2
,SOP_MATR,2800,CHAR,PRDH2_DESC,VARCHAR,PRDH2_DESC,PRDH2_DESC
,SOP_MATR,2900,CHAR,PRDH3,VARCHAR,PRDH3,PRDH3
,SOP_MATR,3000,CHAR,PRDH3_DESC,VARCHAR,PRDH3_DESC,PRDH3_DESC
,SOP_MATR,3100,CHAR,PRDH4,VARCHAR,PRDH4,PRDH4
,SOP_MATR,3200,CHAR,PRDH4_DESC,VARCHAR,PRDH4_DESC,PRDH4_DESC
,SOP_MATR,3300,CHAR,LVORM,VARCHAR,LVORM,LVORM
,SOP_MATSL,100,CHAR,MATERIAL,VARCHAR,MATERIAL,MATERIAL
,SOP_MATSL,200,CHAR,SALESORG,VARCHAR,SALESORG,SALESORG
,SOP_MATSL,300,CHAR,PRDH4,VARCHAR,PRDH4,PRDH4
,SOP_MATSL,400,CHAR,PRDH4_NAME,VARCHAR,PRDH4_NAME,PRDH4_NAME
,SOP_MATSL,500,CHAR,PRDH4_SHNM,VARCHAR,PRDH4_SHNM,PRDH4_SHNM
,SOP_MATSL,600,CHAR,PRDH3,VARCHAR,PRDH3,PRDH3
,SOP_MATSL,700,CHAR,PRDH3_NAME,VARCHAR,PRDH3_NAME,PRDH3_NAME
,SOP_MATSL,800,CHAR,PRDH3_SHNM,VARCHAR,PRDH3_SHNM,PRDH3_SHNM
,SOP_MATSL,900,CHAR,PRDH2,VARCHAR,PRDH2,PRDH2
,SOP_MATSL,1000,CHAR,PRDH2_NAME,VARCHAR,PRDH2_NAME,PRDH2_NAME
,SOP_MATSL,1100,CHAR,PRDH2_SHNM,VARCHAR,PRDH2_SHNM,PRDH2_SHNM
,SOP_MATSL,1200,CHAR,PRDH1,VARCHAR,PRDH1,PRDH1
,SOP_MATSL,1300,CHAR,PRDH1_NAME,VARCHAR,PRDH1_NAME,PRDH1_NAME
,SOP_MATSL,1400,CHAR,PRDH1_SHNM,VARCHAR,PRDH1_SHNM,PRDH1_SHNM
,SOP_MATSL,1500,CHAR,ACCNT_ASGN,VARCHAR,ACCNT_ASGN,ACCNT_ASGN
,SOP_MATSL,1600,CHAR,ACCNT_ASGN_NAME,VARCHAR,ACCNT_ASGN_NAME,ACCNT_ASGN_NAME
,SOP_MATSL,1700,CHAR,ACCNT_ASGN_SHNM,VARCHAR,ACCNT_ASGN_SHNM,ACCNT_ASGN_SHNM
,SOP_MATSL,1800,CHAR,MAT_KONDM,VARCHAR,MAT_KONDM,MAT_KONDM
,SOP_MATSL,1900,CHAR,MAT_KONDM_NAME,VARCHAR,MAT_KONDM_NAME,MAT_KONDM_NAME
,SOP_MATSL,2000,CHAR,MAT_KONDM_SHNM,VARCHAR,MAT_KONDM_SHNM,MAT_KONDM_SHNM
,SOP_MATSL,2100,CHAR,DEM_PL_CODE,VARCHAR,DEM_PL_CODE,DEM_PL_CODE
,SOP_MATSL,2200,CHAR,DEM_PL_NAME,VARCHAR,DEM_PL_NAME,DEM_PL_NAME
,SOP_MATSL,2300,CHAR,DEM_PL_SHNM,VARCHAR,DEM_PL_SHNM,DEM_PL_SHNM
,SOP_MATSL,2400,CHAR,REBATE_GRP,VARCHAR,REBATE_GRP,REBATE_GRP
,SOP_MATSL,2500,CHAR,REBATE_GRP_NAME,VARCHAR,REBATE_GRP_NAME,REBATE_GRP_NAME
,SOP_MATSL,2600,CHAR,REBATE_GRP_SHNM,VARCHAR,REBATE_GRP_SHNM,REBATE_GRP_SHNM
,SOP_MATSL,2700,CHAR,MTPOS,VARCHAR,MTPOS,MTPOS
,SOP_MATSL,2800,CHAR,MTPOS_NAME,VARCHAR,MTPOS_NAME,MTPOS_NAME
,SOP_MATSL,2900,CHAR,MTPOS_SHNM,VARCHAR,MTPOS_SHNM,MTPOS_SHNM
,SOP_MATSL,3000,CHAR,VMSTA,VARCHAR,VMSTA,VMSTA
,SOP_MATSL,3100,CHAR,VMSTA_NAME,VARCHAR,VMSTA_NAME,VMSTA_NAME
,SOP_MATSL,3200,CHAR,VMSTA_SHNM,VARCHAR,VMSTA_SHNM,VMSTA_SHNM
,SOP_MATSL,3300,CHAR,PRAT1,VARCHAR,PRAT1,PRAT1
,SOP_MATSL,3400,CHAR,LOW_DAT,VARCHAR,LOW_DAT,LOW_DAT
,SOP_MATSL,3500,CHAR,END_DAT,VARCHAR,END_DAT,END_DAT
,SOP_MATSL,3600,CHAR,SALES_UNIT,VARCHAR,SALES_UNIT,SALES_UNIT
,SOP_MATSL,3700,QUAN,CONV_BUOM_TU,VARCHAR,CONV_BUOM_TU,CONV_BUOM_TU
,SOP_MATSL,3800,CHAR,LVORM,VARCHAR,LVORM,LVORM
,SOP_MATSL,3900,CHAR,PROMO_ITEM,VARCHAR,PROMO_ITEM,PROMO_ITEM
,SOP_OSLS,100,CHAR,MATERIAL_CODE,VARCHAR,MATERIAL_CODE,MATERIAL_CODE
,SOP_OSLS,200,CHAR,SOLDTO_CODE,VARCHAR,SOLDTO_CODE,SOLDTO_CODE
,SOP_OSLS,300,CHAR,PLANT_CODE,VARCHAR,PLANT_CODE,PLANT_CODE
,SOP_OSLS,400,CHAR,SALESORG_CODE,VARCHAR,SALESORG_CODE,SALESORG_CODE
,SOP_OSLS,500,CHAR,PERIOD,VARCHAR,PERIOD,PERIOD
,SOP_OSLS,600,CHAR,/BIC/OP_QT_SO,VARCHAR,/BIC/OP_QT_SO,/BIC/OP_QT_SO
,SOP_OSLS,700,CHAR,/BIC/OP_QT_RET,VARCHAR,/BIC/OP_QT_RET,/BIC/OP_QT_RET
,SOP_OSLS,800,CHAR,/BIC/OP_QT_FOC,VARCHAR,/BIC/OP_QT_FOC,/BIC/OP_QT_FOC
,SOP_OSLS,900,CHAR,/BIC/OP_QT_EXC,VARCHAR,/BIC/OP_QT_EXC,/BIC/OP_QT_EXC
,SOP_OSLS,1000,CHAR,/BIC/OP_QT_DIR,VARCHAR,/BIC/OP_QT_DIR,/BIC/OP_QT_DIR
,SOP_OSLS,1100,CHAR,/BIC/IS_QT_PRO,VARCHAR,/BIC/IS_QT_PRO,/BIC/IS_QT_PRO
,SOP_PLNT,100,CHAR,PLANT,VARCHAR,PLANT,PLANT
,SOP_PLNT,200,CHAR,PLANT_NAME,VARCHAR,PLANT_NAME,PLANT_NAME
,SOP_PLNT,300,CHAR,PLANT_SHORTNAME,VARCHAR,PLANT_SHORTNAME,PLANT_SHORTNAME
,SOP_PRCNG,100,CHAR,SALESORG,VARCHAR,SALESORG,SALESORG
,SOP_PRCNG,200,CHAR,MATERIAL,VARCHAR,MATERIAL,MATERIAL
,SOP_PRCNG,300,CHAR,CUST_HIE01,VARCHAR,CUST_HIE01,CUST_HIE01
,SOP_PRCNG,400,CHAR,CUST_HIE02,VARCHAR,CUST_HIE02,CUST_HIE02
,SOP_PRCNG,500,DEC,AVG_PRICE,VARCHAR,AVG_PRICE,AVG_PRICE
,SOP_SORG,100,CHAR,SALESORG_CODE,VARCHAR,SALESORG_CODE,SALESORG_CODE
,SOP_SORG,200,CHAR,SALESORG_NAME,VARCHAR,SALESORG_NAME,SALESORG_NAME
,SOP_SORG,300,CHAR,SALESORG_SHRTNME,VARCHAR,SALESORG_SHRTNME,SALESORG_SHRTNME
,ZFRCT_ACC,100,CHAR,PLANT,VARCHAR,PLANT,PLANT
,ZFRCT_ACC,200,CHAR,MATERIAL,VARCHAR,MATERIAL,MATERIAL
,ZFRCT_ACC,300,CHAR,WEEK,VARCHAR,WEEK,WEEK
,ZFRCT_ACC,400,QUAN,QTY,VARCHAR,QTY,QTY
,ZINFR_ACC,100,CHAR,PLANT,VARCHAR,PLANT,PLANT
,ZINFR_ACC,200,CHAR,MATERIAL,VARCHAR,MATERIAL,MATERIAL
,ZINFR_ACC,300,CHAR,INFOREC_CAT,VARCHAR,INFOREC_CAT,INFOREC_CAT
,ZINFR_ACC,400,CHAR,VENDOR,VARCHAR,VENDOR,VENDOR
,ZINFR_ACC,500,CHAR,INCO_TERMS1,VARCHAR,INCO_TERMS1,INCO_TERMS1
,ZINFR_ACC,600,CHAR,INCO_TERMS2,VARCHAR,INCO_TERMS2,INCO_TERMS2
,ZINFR_ACC,700,DATS,VALID_FROM,VARCHAR,VALID_FROM,VALID_FROM
,ZINFR_ACC,800,DATS,VALID_TO,VARCHAR,VALID_TO,VALID_TO
,ZINFR_ACC,900,CHAR,COND_TYPE,VARCHAR,COND_TYPE,COND_TYPE
,ZINFR_ACC,1000,CHAR,CONDREC,VARCHAR,CONDREC,CONDREC
,ZINFR_ACC,1100,CHAR,CONDSEQNO,VARCHAR,CONDSEQNO,CONDSEQNO
,ZINFR_ACC,1200,CHAR,DEL_IND,VARCHAR,DEL_IND,DEL_IND
,ZINFR_ACC,1300,CHAR,COND_PERC,VARCHAR,COND_PERC,COND_PERC
,ZINFR_ACC,1400,DEC,COND_AMNT,VARCHAR,COND_AMNT,COND_AMNT
,ZINFR_ACC,1500,CHAR,CURRENCY,VARCHAR,CURRENCY,CURRENCY
,ZINFR_ACC,1600,DEC,AMOUNT,VARCHAR,AMOUNT,AMOUNT
,ZINFR_ACC,1700,UNIT,ORDER_UNIT,VARCHAR,ORDER_UNIT,ORDER_UNIT
,ZINFR_ACC,1800,CHAR,PURCH_ORG,VARCHAR,PURCH_ORG,PURCH_ORG
,ZINFR_ACC,1900,CHAR,KLOEK,VARCHAR,KLOEK,KLOEK
,ZINFR_ACC,2000,CHAR,OLD_MATNR,VARCHAR,OLD_MATNR,OLD_MATNR
,ZINFR_ACC,2100,UNIT,COND_UNIT,VARCHAR,COND_UNIT,COND_UNIT
,ZMAT_ACC,100,CHAR,MATERIAL,VARCHAR,MATERIAL,MATERIAL
,ZMAT_ACC,200,CHAR,MATERIAL_NAME,VARCHAR,MATERIAL_NAME,MATERIAL_NAME
,ZMAT_ACC,300,CHAR,MATERIAL_SHORTNM,VARCHAR,MATERIAL_SHORTNM,MATERIAL_SHORTNM
,ZMAT_ACC,400,CHAR,MATL_TYPE,VARCHAR,MATL_TYPE,MATL_TYPE
,ZMAT_ACC,500,CHAR,MATL_TYPE_NAME,VARCHAR,MATL_TYPE_NAME,MATL_TYPE_NAME
,ZMAT_ACC,600,CHAR,MATL_TYPE_SHORTN,VARCHAR,MATL_TYPE_SHORTN,MATL_TYPE_SHORTN
,ZMAT_ACC,700,CHAR,MTPOS_MARA,VARCHAR,MTPOS_MARA,MTPOS_MARA
,ZMAT_ACC,800,CHAR,MTPOS_MARA_NAME,VARCHAR,MTPOS_MARA_NAME,MTPOS_MARA_NAME
,ZMAT_ACC,900,CHAR,MTPOS_MARA_SHNM,VARCHAR,MTPOS_MARA_SHNM,MTPOS_MARA_SHNM
,ZMAT_ACC,1000,CHAR,MATL_GROUP,VARCHAR,MATL_GROUP,MATL_GROUP
,ZMAT_ACC,1100,CHAR,MATL_GROUP_NAME,VARCHAR,MATL_GROUP_NAME,MATL_GROUP_NAME
,ZMAT_ACC,1200,CHAR,MATL_GROUP_SHNM,VARCHAR,MATL_GROUP_SHNM,MATL_GROUP_SHNM
,ZMAT_ACC,1300,UNIT,BASE_UOM,VARCHAR,BASE_UOM,BASE_UOM
,ZMAT_ACC,1400,CHAR,BASE_UOM_DESC,VARCHAR,BASE_UOM_DESC,BASE_UOM_DESC
,ZMAT_ACC,1500,DEC,CONV_PAL,VARCHAR,CONV_PAL,CONV_PAL
,ZMAT_ACC,1600,DEC,CONV_CCG,VARCHAR,CONV_CCG,CONV_CCG
,ZMAT_ACC,1700,DEC,CONV_LAY,VARCHAR,CONV_LAY,CONV_LAY
,ZMAT_ACC,1800,DEC,CONV_CASE,VARCHAR,CONV_CASE,CONV_CASE
,ZMAT_ACC,1900,DEC,CONV_PACK,VARCHAR,CONV_PACK,CONV_PACK
,ZMAT_ACC,2000,DEC,CONV_LITER,VARCHAR,CONV_LITER,CONV_LITER
,ZMAT_ACC,2100,DEC,CONV_KG,VARCHAR,CONV_KG,CONV_KG
,ZMAT_ACC,2200,DEC,CONV_DISP,VARCHAR,CONV_DISP,CONV_DISP
,ZMAT_ACC,2300,DEC,CONV_PCE,VARCHAR,CONV_PCE,CONV_PCE
,ZMAT_ACC,2400,DEC,CONV_EACH,VARCHAR,CONV_EACH,CONV_EACH
,ZMAT_ACC,2500,CHAR,PRDH1,VARCHAR,PRDH1,PRDH1
,ZMAT_ACC,2600,CHAR,PRDH1_DESC,VARCHAR,PRDH1_DESC,PRDH1_DESC
,ZMAT_ACC,2700,CHAR,PRDH2,VARCHAR,PRDH2,PRDH2
,ZMAT_ACC,2800,CHAR,PRDH2_DESC,VARCHAR,PRDH2_DESC,PRDH2_DESC
,ZMAT_ACC,2900,CHAR,PRDH3,VARCHAR,PRDH3,PRDH3
,ZMAT_ACC,3000,CHAR,PRDH3_DESC,VARCHAR,PRDH3_DESC,PRDH3_DESC
,ZMAT_ACC,3100,CHAR,PRDH4,VARCHAR,PRDH4,PRDH4
,ZMAT_ACC,3200,CHAR,PRDH4_DESC,VARCHAR,PRDH4_DESC,PRDH4_DESC
,ZMAT_ACC,3300,CHAR,LVORM,VARCHAR,LVORM,LVORM
,ZMAT_ACC,3400,CHAR,STRAT_BUY,VARCHAR,STRAT_BUY,STRAT_BUY
,ZMAT_ACC2,100,CHAR,MATERIAL,VARCHAR,MATERIAL,MATERIAL
,ZMAT_ACC2,200,CHAR,MATERIAL_NAME,VARCHAR,MATERIAL_NAME,MATERIAL_NAME
,ZMAT_ACC2,300,CHAR,MATERIAL_SHORTNM,VARCHAR,MATERIAL_SHORTNM,MATERIAL_SHORTNM
,ZMAT_ACC2,400,CHAR,MATL_TYPE,VARCHAR,MATL_TYPE,MATL_TYPE
,ZMAT_ACC2,500,CHAR,MATL_TYPE_NAME,VARCHAR,MATL_TYPE_NAME,MATL_TYPE_NAME
,ZMAT_ACC2,600,CHAR,MATL_TYPE_SHORTN,VARCHAR,MATL_TYPE_SHORTN,MATL_TYPE_SHORTN
,ZMAT_ACC2,700,CHAR,MTPOS_MARA,VARCHAR,MTPOS_MARA,MTPOS_MARA
,ZMAT_ACC2,800,CHAR,MTPOS_MARA_NAME,VARCHAR,MTPOS_MARA_NAME,MTPOS_MARA_NAME
,ZMAT_ACC2,900,CHAR,MTPOS_MARA_SHNM,VARCHAR,MTPOS_MARA_SHNM,MTPOS_MARA_SHNM
,ZMAT_ACC2,1000,CHAR,MATL_GROUP,VARCHAR,MATL_GROUP,MATL_GROUP
,ZMAT_ACC2,1100,CHAR,MATL_GROUP_NAME,VARCHAR,MATL_GROUP_NAME,MATL_GROUP_NAME
,ZMAT_ACC2,1200,CHAR,MATL_GROUP_SHNM,VARCHAR,MATL_GROUP_SHNM,MATL_GROUP_SHNM
,ZMAT_ACC2,1300,UNIT,BASE_UOM,VARCHAR,BASE_UOM,BASE_UOM
,ZMAT_ACC2,1400,CHAR,BASE_UOM_DESC,VARCHAR,BASE_UOM_DESC,BASE_UOM_DESC
,ZMAT_ACC2,1500,CHAR,CONV_PAL,VARCHAR,CONV_PAL,CONV_PAL
,ZMAT_ACC2,1600,CHAR,CONV_CCG,VARCHAR,CONV_CCG,CONV_CCG
,ZMAT_ACC2,1700,CHAR,CONV_LAY,VARCHAR,CONV_LAY,CONV_LAY
,ZMAT_ACC2,1800,CHAR,CONV_CASE,VARCHAR,CONV_CASE,CONV_CASE
,ZMAT_ACC2,1900,CHAR,CONV_PACK,VARCHAR,CONV_PACK,CONV_PACK
,ZMAT_ACC2,2000,CHAR,CONV_LITER,VARCHAR,CONV_LITER,CONV_LITER
,ZMAT_ACC2,2100,CHAR,CONV_KG,VARCHAR,CONV_KG,CONV_KG
,ZMAT_ACC2,2200,CHAR,CONV_DISP,VARCHAR,CONV_DISP,CONV_DISP
,ZMAT_ACC2,2300,CHAR,CONV_PCE,VARCHAR,CONV_PCE,CONV_PCE
,ZMAT_ACC2,2400,CHAR,CONV_EACH,VARCHAR,CONV_EACH,CONV_EACH
,ZMAT_ACC2,2500,CHAR,PRDH1,VARCHAR,PRDH1,PRDH1
,ZMAT_ACC2,2600,CHAR,PRDH1_DESC,VARCHAR,PRDH1_DESC,PRDH1_DESC
,ZMAT_ACC2,2700,CHAR,PRDH2,VARCHAR,PRDH2,PRDH2
,ZMAT_ACC2,2800,CHAR,PRDH2_DESC,VARCHAR,PRDH2_DESC,PRDH2_DESC
,ZMAT_ACC2,2900,CHAR,PRDH3,VARCHAR,PRDH3,PRDH3
,ZMAT_ACC2,3000,CHAR,PRDH3_DESC,VARCHAR,PRDH3_DESC,PRDH3_DESC
,ZMAT_ACC2,3100,CHAR,PRDH4,VARCHAR,PRDH4,PRDH4
,ZMAT_ACC2,3200,CHAR,PRDH4_DESC,VARCHAR,PRDH4_DESC,PRDH4_DESC
,ZMAT_ACC2,3300,CHAR,LVORM,VARCHAR,LVORM,LVORM
,ZMAT_ACC2,3400,CHAR,STRAT_BUY,VARCHAR,STRAT_BUY,STRAT_BUY
,ZMAT_ATTR,100,CHAR,MATERIAL,VARCHAR,MATERIAL,MATERIAL
,ZMAT_ATTR,200,CHAR,MATERIAL_NAME,VARCHAR,MATERIAL_NAME,MATERIAL_NAME
,ZMAT_ATTR,300,CHAR,MATERIAL_SHORTNM,VARCHAR,MATERIAL_SHORTNM,MATERIAL_SHORTNM
,ZMAT_ATTR,400,CHAR,MATL_TYPE,VARCHAR,MATL_TYPE,MATL_TYPE
,ZMAT_ATTR,500,CHAR,MATL_TYPE_NAME,VARCHAR,MATL_TYPE_NAME,MATL_TYPE_NAME
,ZMAT_ATTR,600,CHAR,MATL_TYPE_SHORTN,VARCHAR,MATL_TYPE_SHORTN,MATL_TYPE_SHORTN
,ZMAT_ATTR,700,CHAR,MTPOS_MARA,VARCHAR,MTPOS_MARA,MTPOS_MARA
,ZMAT_ATTR,800,CHAR,MTPOS_MARA_NAME,VARCHAR,MTPOS_MARA_NAME,MTPOS_MARA_NAME
,ZMAT_ATTR,900,CHAR,MTPOS_MARA_SHNM,VARCHAR,MTPOS_MARA_SHNM,MTPOS_MARA_SHNM
,ZMAT_ATTR,1000,CHAR,MATL_GROUP,VARCHAR,MATL_GROUP,MATL_GROUP
,ZMAT_ATTR,1100,CHAR,MATL_GROUP_NAME,VARCHAR,MATL_GROUP_NAME,MATL_GROUP_NAME
,ZMAT_ATTR,1200,CHAR,MATL_GROUP_SHNM,VARCHAR,MATL_GROUP_SHNM,MATL_GROUP_SHNM
,ZMAT_ATTR,1300,UNIT,BASE_UOM,VARCHAR,BASE_UOM,BASE_UOM
,ZMAT_ATTR,1400,CHAR,BASE_UOM_DESC,VARCHAR,BASE_UOM_DESC,BASE_UOM_DESC
,ZMAT_ATTR,1500,DEC,CONV_PAL,VARCHAR,CONV_PAL,CONV_PAL
,ZMAT_ATTR,1600,DEC,CONV_CCG,VARCHAR,CONV_CCG,CONV_CCG
,ZMAT_ATTR,1700,DEC,CONV_LAY,VARCHAR,CONV_LAY,CONV_LAY
,ZMAT_ATTR,1800,DEC,CONV_CASE,VARCHAR,CONV_CASE,CONV_CASE
,ZMAT_ATTR,1900,DEC,CONV_PACK,VARCHAR,CONV_PACK,CONV_PACK
,ZMAT_ATTR,2000,DEC,CONV_LITER,VARCHAR,CONV_LITER,CONV_LITER
,ZMAT_ATTR,2100,DEC,CONV_KG,VARCHAR,CONV_KG,CONV_KG
,ZMAT_ATTR,2200,DEC,CONV_DISP,VARCHAR,CONV_DISP,CONV_DISP
,ZMAT_ATTR,2300,DEC,CONV_CNT,VARCHAR,CONV_CNT,CONV_CNT
,ZMAT_ATTR,2400,DEC,CONV_EACH,VARCHAR,CONV_EACH,CONV_EACH
,ZMAT_ATTR,2500,CHAR,PRDH1,VARCHAR,PRDH1,PRDH1
,ZMAT_ATTR,2600,CHAR,PRDH1_DESC,VARCHAR,PRDH1_DESC,PRDH1_DESC
,ZMAT_ATTR,2700,CHAR,PRDH2,VARCHAR,PRDH2,PRDH2
,ZMAT_ATTR,2800,CHAR,PRDH2_DESC,VARCHAR,PRDH2_DESC,PRDH2_DESC
,ZMAT_ATTR,2900,CHAR,PRDH3,VARCHAR,PRDH3,PRDH3
,ZMAT_ATTR,3000,CHAR,PRDH3_DESC,VARCHAR,PRDH3_DESC,PRDH3_DESC
,ZMAT_ATTR,3100,CHAR,PRDH4,VARCHAR,PRDH4,PRDH4
,ZMAT_ATTR,3200,CHAR,PRDH4_DESC,VARCHAR,PRDH4_DESC,PRDH4_DESC
,ZMAT_ATTR,3300,CHAR,LVORM,VARCHAR,LVORM,LVORM
,ZMATP_ACC,100,CHAR,MATERIAL,VARCHAR,MATERIAL,MATERIAL
,ZMATP_ACC,200,CHAR,PLANT,VARCHAR,PLANT,PLANT
,ZMATP_ACC,300,CHAR,MATPLANT_STAT,VARCHAR,MATPLANT_STAT,MATPLANT_STAT
,ZMATP_ACC,400,CHAR,MATPLANT_STAT_NM,VARCHAR,MATPLANT_STAT_NM,MATPLANT_STAT_NM
,ZMATP_ACC,500,CHAR,MATPLANT_STAT_SN,VARCHAR,MATPLANT_STAT_SN,MATPLANT_STAT_SN
,ZMATP_ACC,600,CHAR,SPEC_PROCUREMENT,VARCHAR,SPEC_PROCUREMENT,SPEC_PROCUREMENT
,ZMATP_ACC,700,CHAR,SPEC_PROCUR_NM,VARCHAR,SPEC_PROCUR_NM,SPEC_PROCUR_NM
,ZMATP_ACC,800,CHAR,SPEC_PROCUR_SH,VARCHAR,SPEC_PROCUR_SH,SPEC_PROCUR_SH
,ZMATP_ACC,900,CHAR,LVORM,VARCHAR,LVORM,LVORM
,ZMATP_ACC,1000,CHAR,VALUATION_CLASS,VARCHAR,VALUATION_CLASS,VALUATION_CLASS
,ZMATP_ACC,1100,CHAR,VAL_CLASS_NM,VARCHAR,VAL_CLASS_NM,VAL_CLASS_NM
,ZMATP_ACC,1200,QUAN,PLND_DELRY,VARCHAR,PLND_DELRY,PLND_DELRY
,ZMATP_ACC,1300,CHAR,MRP_TYPE,VARCHAR,MRP_TYPE,MRP_TYPE
,ZMATP_ACC,1400,CHAR,STRAT_GROUP,VARCHAR,STRAT_GROUP,STRAT_GROUP
,ZMATP_ACC,1500,CHAR,RWPRO,VARCHAR,RWPRO,RWPRO
,ZMATP_ACC,1600,NUMC,SHZET,VARCHAR,SHZET,SHZET
,ZMATP_ACC,1700,CHAR,SHPRO,VARCHAR,SHPRO,SHPRO
,ZMATP_ACC,1800,CHAR,VENDOR,VARCHAR,VENDOR,VENDOR
,ZMATPLANT,100,CHAR,MATERIAL,VARCHAR,MATERIAL,MATERIAL
,ZMATPLANT,200,CHAR,PLANT,VARCHAR,PLANT,PLANT
,ZMATPLANT,300,CHAR,MATPLANT_STAT,VARCHAR,MATPLANT_STAT,MATPLANT_STAT
,ZMATPLANT,400,CHAR,MATPLANT_STAT_NM,VARCHAR,MATPLANT_STAT_NM,MATPLANT_STAT_NM
,ZMATPLANT,500,CHAR,MATPLANT_STAT_SN,VARCHAR,MATPLANT_STAT_SN,MATPLANT_STAT_SN
,ZMATPLANT,600,CHAR,SPEC_PROCUREMENT,VARCHAR,SPEC_PROCUREMENT,SPEC_PROCUREMENT
,ZMATPLANT,700,CHAR,SPEC_PROCUR_NM,VARCHAR,SPEC_PROCUR_NM,SPEC_PROCUR_NM
,ZMATPLANT,800,CHAR,SPEC_PROCUR_SH,VARCHAR,SPEC_PROCUR_SH,SPEC_PROCUR_SH
,ZMATPLANT,900,CHAR,LVORM,VARCHAR,LVORM,LVORM
,ZMATPLANT,1000,CHAR,VALUATION_CLASS,VARCHAR,VALUATION_CLASS,VALUATION_CLASS
,ZMATPLANT,1100,CHAR,VAL_CLASS_NM,VARCHAR,VAL_CLASS_NM,VAL_CLASS_NM
,ZMATPLANT,1200,QUAN,PLND_DELRY,VARCHAR,PLND_DELRY,PLND_DELRY
,ZMATPLANT,1300,CHAR,MRP_TYPE,VARCHAR,MRP_TYPE,MRP_TYPE
,ZMATPLANT,1400,CHAR,STRAT_GROUP,VARCHAR,STRAT_GROUP,STRAT_GROUP
,ZMATPLANT,1500,CHAR,RWPRO,VARCHAR,RWPRO,RWPRO
,ZMATPLANT,1600,NUMC,SHZET,VARCHAR,SHZET,SHZET
,ZMATPLANT,1700,CHAR,SHPRO,VARCHAR,SHPRO,SHPRO
,ZMATS_ACC,100,CHAR,MATERIAL,VARCHAR,MATERIAL,MATERIAL
,ZMATS_ACC,200,CHAR,SALESORG,VARCHAR,SALESORG,SALESORG
,ZMATS_ACC,300,CHAR,VMSTA,VARCHAR,VMSTA,VMSTA
,ZMATS_ACC,400,CHAR,VMSTA_NAME,VARCHAR,VMSTA_NAME,VMSTA_NAME
,ZMATSALES,100,CHAR,MATERIAL,VARCHAR,MATERIAL,MATERIAL
,ZMATSALES,200,CHAR,SALESORG,VARCHAR,SALESORG,SALESORG
,ZMATSALES,300,CHAR,PRDH4,VARCHAR,PRDH4,PRDH4
,ZMATSALES,400,CHAR,PRDH4_NAME,VARCHAR,PRDH4_NAME,PRDH4_NAME
,ZMATSALES,500,CHAR,PRDH4_SHNM,VARCHAR,PRDH4_SHNM,PRDH4_SHNM
,ZMATSALES,600,CHAR,PRDH3,VARCHAR,PRDH3,PRDH3
,ZMATSALES,700,CHAR,PRDH3_NAME,VARCHAR,PRDH3_NAME,PRDH3_NAME
,ZMATSALES,800,CHAR,PRDH3_SHNM,VARCHAR,PRDH3_SHNM,PRDH3_SHNM
,ZMATSALES,900,CHAR,PRDH2,VARCHAR,PRDH2,PRDH2
,ZMATSALES,1000,CHAR,PRDH2_NAME,VARCHAR,PRDH2_NAME,PRDH2_NAME
,ZMATSALES,1100,CHAR,PRDH2_SHNM,VARCHAR,PRDH2_SHNM,PRDH2_SHNM
,ZMATSALES,1200,CHAR,PRDH1,VARCHAR,PRDH1,PRDH1
,ZMATSALES,1300,CHAR,PRDH1_NAME,VARCHAR,PRDH1_NAME,PRDH1_NAME
,ZMATSALES,1400,CHAR,PRDH1_SHNM,VARCHAR,PRDH1_SHNM,PRDH1_SHNM
,ZMATSALES,1500,CHAR,ACCNT_ASGN,VARCHAR,ACCNT_ASGN,ACCNT_ASGN
,ZMATSALES,1600,CHAR,ACCNT_ASGN_NAME,VARCHAR,ACCNT_ASGN_NAME,ACCNT_ASGN_NAME
,ZMATSALES,1700,CHAR,ACCNT_ASGN_SHNM,VARCHAR,ACCNT_ASGN_SHNM,ACCNT_ASGN_SHNM
,ZMATSALES,1800,CHAR,MAT_KONDM,VARCHAR,MAT_KONDM,MAT_KONDM
,ZMATSALES,1900,CHAR,MAT_KONDM_NAME,VARCHAR,MAT_KONDM_NAME,MAT_KONDM_NAME
,ZMATSALES,2000,CHAR,MAT_KONDM_SHNM,VARCHAR,MAT_KONDM_SHNM,MAT_KONDM_SHNM
,ZMATSALES,2100,CHAR,DEM_PL_CODE,VARCHAR,DEM_PL_CODE,DEM_PL_CODE
,ZMATSALES,2200,CHAR,DEM_PL_NAME,VARCHAR,DEM_PL_NAME,DEM_PL_NAME
,ZMATSALES,2300,CHAR,DEM_PL_SHNM,VARCHAR,DEM_PL_SHNM,DEM_PL_SHNM
,ZMATSALES,2400,CHAR,REBATE_GRP,VARCHAR,REBATE_GRP,REBATE_GRP
,ZMATSALES,2500,CHAR,REBATE_GRP_NAME,VARCHAR,REBATE_GRP_NAME,REBATE_GRP_NAME
,ZMATSALES,2600,CHAR,REBATE_GRP_SHNM,VARCHAR,REBATE_GRP_SHNM,REBATE_GRP_SHNM
,ZMATSALES,2700,CHAR,MTPOS,VARCHAR,MTPOS,MTPOS
,ZMATSALES,2800,CHAR,MTPOS_NAME,VARCHAR,MTPOS_NAME,MTPOS_NAME
,ZMATSALES,2900,CHAR,MTPOS_SHNM,VARCHAR,MTPOS_SHNM,MTPOS_SHNM
,ZMATSALES,3000,CHAR,VMSTA,VARCHAR,VMSTA,VMSTA
,ZMATSALES,3100,CHAR,VMSTA_NAME,VARCHAR,VMSTA_NAME,VMSTA_NAME
,ZMATSALES,3200,CHAR,VMSTA_SHNM,VARCHAR,VMSTA_SHNM,VMSTA_SHNM
,ZMATSALES,3300,CHAR,PRAT1,VARCHAR,PRAT1,PRAT1
,ZMATSALES,3400,CHAR,LOW_DAT,VARCHAR,LOW_DAT,LOW_DAT
,ZMATSALES,3500,CHAR,END_DAT,VARCHAR,END_DAT,END_DAT
,ZMATSALES,3600,CHAR,SALES_UNIT,VARCHAR,SALES_UNIT,SALES_UNIT
,ZMATSALES,3700,QUAN,CONV_BUOM_TU,VARCHAR,CONV_BUOM_TU,CONV_BUOM_TU
,ZMATSALES,3800,CHAR,LVORM,VARCHAR,LVORM,LVORM
,ZMATSALES,3900,CHAR,PROMO_ITEM,VARCHAR,PROMO_ITEM,PROMO_ITEM
,ZPLANT,100,CHAR,PLANT,VARCHAR,PLANT,PLANT
,ZPLANT,200,CHAR,PLANT_NAME,VARCHAR,PLANT_NAME,PLANT_NAME
,ZPLANT,300,CHAR,PLANT_SHORTNAME,VARCHAR,PLANT_SHORTNAME,PLANT_SHORTNAME
,ZPRICING,100,CHAR,SALESORG,VARCHAR,SALESORG,SALESORG
,ZPRICING,200,CHAR,MATERIAL,VARCHAR,MATERIAL,MATERIAL
,ZPRICING,300,CHAR,CUST_HIE01,VARCHAR,CUST_HIE01,CUST_HIE01
,ZPRICING,400,CHAR,CUST_HIE02,VARCHAR,CUST_HIE02,CUST_HIE02
,ZPRICING,500,DEC,AVG_PRICE,VARCHAR,AVG_PRICE,AVG_PRICE
,ZSALESORG,100,CHAR,SALESORG_CODE,VARCHAR,SALESORG_CODE,SALESORG_CODE
,ZSALESORG,200,CHAR,SALESORG_NAME,VARCHAR,SALESORG_NAME,SALESORG_NAME
,ZSALESORG,300,CHAR,SALESORG_SHRTNME,VARCHAR,SALESORG_SHRTNME,SALESORG_SHRTNME
,ZSOP_BOM,100,CHAR,MATERIAL,VARCHAR,MATERIAL,MATERIAL
,ZSOP_BOM,200,CHAR,/BIC/IDNRK,VARCHAR,/BIC/IDNRK,/BIC/IDNRK
,ZSOP_BOM,300,CHAR,/BIC/DATEFROM,VARCHAR,/BIC/DATEFROM,/BIC/DATEFROM
,ZSOP_BOM,400,CHAR,/BIC/DATETO,VARCHAR,/BIC/DATETO,/BIC/DATETO
,ZSOP_BOM,500,DEC,CONSUMPTION,VARCHAR,CONSUMPTION,CONSUMPTION
,ZSOP_OSLS,100,CHAR,MATERIAL_CODE,VARCHAR,MATERIAL_CODE,MATERIAL_CODE
,ZSOP_OSLS,200,CHAR,SOLDTO_CODE,VARCHAR,SOLDTO_CODE,SOLDTO_CODE
,ZSOP_OSLS,300,CHAR,PLANT_CODE,VARCHAR,PLANT_CODE,PLANT_CODE
,ZSOP_OSLS,400,CHAR,SALESORG_CODE,VARCHAR,SALESORG_CODE,SALESORG_CODE
,ZSOP_OSLS,500,CHAR,PERIOD,VARCHAR,PERIOD,PERIOD
,ZSOP_OSLS,600,CHAR,/BIC/OP_QT_SO,VARCHAR,/BIC/OP_QT_SO,/BIC/OP_QT_SO
,ZSOP_OSLS,700,CHAR,/BIC/OP_QT_RET,VARCHAR,/BIC/OP_QT_RET,/BIC/OP_QT_RET
,ZSOP_OSLS,800,CHAR,/BIC/OP_QT_FOC,VARCHAR,/BIC/OP_QT_FOC,/BIC/OP_QT_FOC
,ZSOP_OSLS,900,CHAR,/BIC/OP_QT_EXC,VARCHAR,/BIC/OP_QT_EXC,/BIC/OP_QT_EXC
,ZSOP_OSLS,1000,CHAR,/BIC/OP_QT_DIR,VARCHAR,/BIC/OP_QT_DIR,/BIC/OP_QT_DIR
,ZSOP_OSLS,1100,CHAR,/BIC/IS_QT_PRO,VARCHAR,/BIC/IS_QT_PRO,/BIC/IS_QT_PRO
,ZVEND_ACC,100,CHAR,VENDOR,VARCHAR,VENDOR,VENDOR
,ZVEND_ACC,200,CHAR,VENDOR_NAME,VARCHAR,VENDOR_NAME,VENDOR_NAME
